dealer_busts,player_busts,player_loses,draw,player_wins
17,19,59,7,34
21,15,50,10,40
28,16,50,6,44
19,20,61,4,35
25,18,49,6,45
18,11,51,8,41
22,20,58,7,35
20,19,52,10,38
17,26,59,8,33
26,15,41,12,47
30,16,47,8,45
14,17,65,4,31
20,19,48,7,45
24,21,55,3,42
29,26,57,6,37
28,18,53,5,42
15,18,57,7,36
17,21,52,6,42
25,15,48,6,46
25,15,53,7,40
18,22,55,11,34
24,18,49,9,42
25,15,51,6,43
19,20,59,3,38
23,20,57,8,35
14,25,64,5,31
31,23,53,5,42
17,16,55,7,38
21,28,59,4,37
20,19,61,4,35
19,17,57,7,36
28,13,46,7,47
28,14,55,4,41
25,20,52,9,39
24,19,45,6,49
30,13,46,5,49
18,20,52,8,40
35,12,43,4,53
17,23,58,6,36
20,17,52,6,42
25,12,53,5,42
16,18,55,9,36
24,20,57,5,38
15,18,56,11,33
24,17,44,9,47
17,19,51,13,36
31,10,40,6,54
26,17,43,5,52
20,20,55,7,38
23,23,57,7,36
21,22,59,8,33
24,18,56,6,38
28,14,51,7,42
21,19,49,8,43
29,17,46,11,43
28,27,50,5,45
15,22,60,7,33
19,26,58,5,37
20,16,47,6,47
18,18,50,11,39
18,22,56,4,40
24,14,55,8,37
26,19,50,9,41
18,12,51,7,42
26,29,64,3,33
26,14,48,7,45
19,19,58,9,33
27,12,50,8,42
23,15,49,7,44
20,29,60,5,35
27,18,52,4,44
24,21,50,6,44
20,22,53,5,42
26,15,42,8,50
12,18,54,7,39
30,14,47,5,48
22,25,61,3,36
23,18,46,5,49
16,22,54,4,42
25,13,50,4,46
25,14,47,9,44
20,22,57,7,36
22,19,57,4,39
27,19,48,12,40
15,19,58,5,37
20,13,53,10,37
13,21,66,4,30
28,24,51,8,41
27,23,49,9,42
29,17,53,2,45
17,25,62,9,29
18,21,60,8,32
23,22,52,8,40
28,15,45,7,48
20,21,50,14,36
23,21,57,7,36
20,22,59,6,35
18,16,63,6,31
20,25,59,5,36
19,20,57,6,37
13,21,59,8,33
22,19,55,7,38
19,21,52,7,41
25,15,49,10,41
23,20,55,8,37
20,17,51,5,44
28,17,45,6,49
23,16,56,6,38
17,29,56,7,37
26,17,50,7,43
30,16,50,5,45
17,15,56,7,37
22,15,56,4,40
17,22,63,6,31
22,15,55,3,42
16,24,62,6,32
18,17,53,11,36
32,17,41,7,52
27,19,47,12,41
25,8,44,5,51
13,27,58,8,34
27,20,51,5,44
15,16,51,10,39
16,21,49,18,33
18,26,57,8,35
23,26,56,6,38
20,19,53,6,41
15,23,57,6,37
16,23,57,9,34
15,23,53,9,38
20,23,60,1,39
18,23,57,8,35
18,22,64,6,30
14,24,55,9,36
29,18,42,9,49
17,19,46,13,41
19,18,58,7,35
26,20,48,6,46
20,20,56,4,40
20,20,51,7,42
22,25,54,5,41
26,21,51,7,42
23,25,55,6,39
21,19,56,8,36
15,15,63,6,31
20,24,58,6,36
17,16,53,8,39
25,16,43,6,51
21,25,54,7,39
17,19,57,2,41
25,16,58,5,37
21,23,49,7,44
21,19,56,7,37
21,20,58,8,34
23,18,57,1,42
23,14,56,8,36
25,17,52,7,41
23,19,48,10,42
17,26,58,10,32
26,14,50,8,42
22,24,53,6,41
23,24,55,8,37
25,21,54,3,43
22,24,56,3,41
23,19,55,6,39
21,17,57,5,38
24,14,47,6,47
16,26,62,4,34
18,21,52,8,40
12,17,53,10,37
18,13,52,8,40
17,22,58,4,38
22,16,49,7,44
31,23,54,2,44
23,21,51,9,40
22,19,56,6,38
17,20,61,3,36
18,20,59,9,32
25,21,57,3,40
26,17,50,4,46
20,23,47,7,46
24,13,48,5,47
19,23,56,10,34
15,17,55,11,34
29,19,42,9,49
27,15,53,6,41
21,12,50,7,43
23,17,49,6,45
25,19,53,4,43
24,16,56,8,36
27,19,46,6,48
22,19,52,10,38
21,20,55,14,31
20,20,55,10,35
18,21,55,11,34
24,20,60,7,33
17,17,45,11,44
19,19,57,8,35
24,19,46,4,50
24,18,48,3,49
24,14,54,5,41
21,23,49,10,41
24,16,48,12,40
31,16,47,6,47
30,15,43,9,48
26,13,50,5,45
23,19,50,7,43
21,11,46,9,45
17,29,59,4,37
22,18,50,7,43
21,24,62,4,34
19,23,51,8,41
18,27,60,6,34
21,22,57,8,35
25,22,56,5,39
11,19,54,16,30
18,26,63,4,33
27,18,46,3,51
21,19,53,10,37
29,16,47,7,46
21,16,61,6,33
24,17,53,5,42
26,11,47,6,47
24,19,51,8,41
22,18,55,7,38
27,18,53,5,42
16,21,53,8,39
16,15,57,6,37
24,12,49,10,41
21,30,62,5,33
25,15,50,5,45
15,20,60,5,35
20,21,54,5,41
25,21,52,3,45
28,22,56,2,42
18,17,57,5,38
19,22,60,4,36
23,18,50,11,39
24,17,51,4,45
19,25,54,10,36
22,24,51,8,41
20,27,58,9,33
11,28,63,7,30
26,22,51,4,45
27,20,54,4,42
27,22,49,6,45
24,21,52,5,43
16,17,58,7,35
28,16,48,8,44
21,23,56,8,36
21,19,54,7,39
23,20,56,4,40
14,16,58,7,35
19,26,58,5,37
18,21,57,11,32
21,16,57,8,35
21,14,50,6,44
18,24,60,6,34
30,15,50,8,42
23,15,47,9,44
22,20,50,6,44
22,19,51,6,43
19,19,55,8,37
27,16,51,4,45
17,23,55,6,39
16,23,63,5,32
15,23,59,7,34
21,17,52,9,39
21,24,54,4,42
23,17,57,7,36
17,23,59,5,36
18,18,52,5,43
26,28,56,5,39
20,19,53,5,42
19,18,49,9,42
24,24,52,3,45
24,21,48,12,40
23,17,48,6,46
20,16,48,8,44
19,22,61,5,34
15,20,55,10,35
21,23,50,5,45
21,20,57,6,37
27,25,49,7,44
19,26,59,8,33
25,16,50,6,44
22,17,55,6,39
22,21,53,10,37
19,20,57,9,34
19,26,54,6,40
21,20,53,4,43
23,20,48,8,44
18,18,55,6,39
23,28,58,1,41
28,18,49,6,45
20,14,44,8,48
22,22,46,3,51
25,20,50,8,42
18,21,57,7,36
25,13,49,5,46
17,22,61,8,31
18,18,55,8,37
16,23,55,10,35
23,17,46,14,40
18,18,52,9,39
13,22,63,5,32
22,20,56,7,37
21,16,56,5,39
25,24,56,6,38
25,22,55,7,38
25,16,52,6,42
18,10,53,9,38
19,22,64,5,31
25,16,51,7,42
21,13,58,2,40
19,21,58,8,34
23,14,50,7,43
21,19,56,6,38
20,19,57,6,37
21,20,52,7,41
25,18,56,4,40
17,23,52,4,44
20,20,55,6,39
23,13,51,8,41
20,17,55,5,40
23,21,48,9,43
23,13,53,6,41
18,20,51,10,39
18,20,58,8,34
17,26,57,5,38
16,17,52,8,40
19,23,52,6,42
20,26,60,9,31
22,16,55,6,39
16,11,52,6,42
18,24,60,8,32
20,14,45,9,46
19,18,56,9,35
20,20,50,6,44
25,20,50,8,42
22,17,54,6,40
25,18,46,11,43
19,20,56,9,35
18,23,60,9,31
23,19,49,5,46
18,22,56,4,40
20,21,55,8,37
19,20,53,5,42
17,27,56,11,33
19,17,54,11,35
24,20,55,5,40
21,23,45,8,47
18,20,65,4,31
24,18,48,10,42
25,22,50,9,41
25,29,53,6,41
23,23,59,5,36
22,14,53,8,39
19,21,53,5,42
23,23,52,4,44
26,19,54,2,44
20,18,53,9,38
18,19,54,9,37
16,19,52,8,40
21,17,56,7,37
21,23,51,6,43
33,19,47,6,47
16,19,49,5,46
28,17,49,7,44
19,26,56,7,37
31,24,53,5,42
18,21,53,7,40
28,21,53,8,39
22,30,64,4,32
21,24,53,6,41
33,24,46,5,49
22,21,56,6,38
22,19,56,4,40
20,20,49,4,47
18,23,60,7,33
22,19,54,6,40
18,23,55,8,37
27,19,52,8,40
26,18,53,6,41
16,19,54,7,39
21,20,56,9,35
15,19,58,5,37
27,23,52,5,43
22,16,54,10,36
19,15,57,7,36
21,19,53,6,41
23,22,55,5,40
23,23,54,6,40
13,21,64,7,29
18,17,56,8,36
23,18,55,4,41
29,13,51,2,47
18,15,55,11,34
21,18,54,9,37
17,24,63,8,29
16,26,52,7,41
25,20,55,7,38
22,15,49,7,44
19,17,57,7,36
20,17,50,7,43
15,21,59,5,36
19,19,57,11,32
23,15,47,4,49
26,22,49,5,46
15,17,59,3,38
22,24,60,5,35
21,18,53,9,38
21,18,43,10,47
25,16,53,7,40
23,16,45,11,44
16,13,56,8,36
17,27,62,5,33
20,14,51,8,41
22,17,45,14,41
22,19,53,6,41
18,23,57,6,37
19,20,60,2,38
22,25,50,12,38
19,19,53,8,39
16,21,58,9,33
17,18,55,8,37
24,18,52,6,42
28,16,53,5,42
15,28,61,8,31
21,17,54,6,40
24,17,54,6,40
20,25,59,5,36
34,8,41,4,55
19,25,62,3,35
18,12,47,8,45
29,21,54,0,46
21,18,54,6,40
25,22,52,9,39
28,18,52,7,41
24,12,52,8,40
27,25,50,6,44
22,22,66,3,31
16,22,58,11,31
24,23,51,5,44
21,26,61,6,33
25,15,53,4,43
24,16,48,8,44
15,19,45,13,42
18,18,52,9,39
18,18,52,9,39
19,21,62,5,33
23,19,45,10,45
23,17,57,7,36
22,20,47,10,43
20,25,56,4,40
19,19,50,7,43
28,20,54,5,41
18,22,57,6,37
24,26,53,10,37
28,24,55,4,41
27,17,46,8,46
21,18,52,7,41
18,21,53,7,40
23,19,55,7,38
22,17,58,5,37
28,17,47,5,48
19,16,58,9,33
18,17,54,6,40
20,16,57,7,36
24,23,50,6,44
20,18,59,3,38
29,16,46,8,46
16,21,52,12,36
20,21,55,8,37
25,18,50,7,43
21,15,51,8,41
22,16,49,6,45
22,18,55,8,37
14,19,60,5,35
25,12,54,5,41
18,16,50,5,45
26,20,48,9,43
28,18,52,6,42
23,17,52,11,37
20,22,57,8,35
26,15,44,8,48
26,19,52,1,47
27,22,49,5,46
26,25,58,6,36
27,16,52,7,41
18,17,52,9,39
21,19,59,5,36
23,20,56,10,34
29,16,48,4,48
19,18,59,4,37
23,16,50,6,44
20,19,50,12,38
20,20,58,6,36
23,9,49,5,46
20,20,54,6,40
22,19,55,10,35
19,23,50,12,38
15,24,60,4,36
23,18,52,6,42
21,20,51,9,40
19,20,58,3,39
28,10,47,8,45
19,15,54,7,39
18,18,57,6,37
19,20,59,3,38
16,20,54,9,37
24,23,57,7,36
22,23,52,8,40
29,16,49,3,48
23,24,53,8,39
24,19,57,5,38
22,14,52,7,41
23,16,46,7,47
15,23,66,7,27
19,28,60,5,35
25,16,48,8,44
18,24,57,9,34
24,14,43,9,48
29,20,46,5,49
24,21,57,3,40
19,16,53,7,40
21,21,56,6,38
24,17,54,5,41
16,22,53,9,38
19,18,54,10,36
22,19,55,3,42
28,19,47,1,52
17,18,62,7,31
24,20,51,5,44
24,21,56,6,38
19,15,55,5,40
24,19,52,10,38
19,28,65,4,31
14,21,63,5,32
32,15,39,6,55
30,16,54,7,39
18,18,55,10,35
19,23,59,5,36
18,17,54,8,38
27,11,48,5,47
25,20,57,5,38
26,22,50,5,45
19,22,57,5,38
16,29,58,9,33
23,18,47,7,46
14,16,63,5,32
24,20,55,6,39
20,16,60,5,35
21,27,58,6,36
16,21,53,8,39
12,18,59,9,32
16,16,57,11,32
20,21,56,6,38
22,20,56,6,38
22,23,54,6,40
20,17,49,10,41
21,22,60,5,35
15,23,56,12,32
22,18,53,2,45
24,20,50,7,43
25,20,51,6,43
27,20,51,8,41
18,14,56,7,37
23,26,53,11,36
22,27,52,7,41
12,23,62,8,30
27,17,48,9,43
25,21,49,7,44
23,19,58,3,39
21,19,50,13,37
21,18,55,6,39
17,25,60,7,33
21,19,51,3,46
15,18,56,10,34
21,22,57,7,36
26,22,52,2,46
28,18,49,5,46
22,24,53,5,42
30,13,48,3,49
21,15,50,9,41
18,18,52,8,40
27,21,45,10,45
17,18,56,6,38
21,32,51,4,45
20,21,60,3,37
14,23,66,3,31
28,19,52,5,43
19,28,56,9,35
27,22,55,5,40
19,20,51,4,45
21,14,54,5,41
27,19,45,5,50
20,17,51,10,39
21,19,53,2,45
14,18,56,4,40
23,21,52,6,42
31,16,47,7,46
32,16,46,6,48
16,21,52,5,43
23,18,51,3,46
24,21,54,8,38
24,20,55,6,39
13,25,65,6,29
15,19,57,9,34
14,22,62,7,31
15,15,53,10,37
24,23,57,5,38
27,20,52,5,43
17,19,61,5,34
27,21,50,4,46
18,17,52,8,40
18,21,53,2,45
22,21,54,5,41
24,15,53,5,42
26,24,53,6,41
23,15,58,5,37
17,17,55,8,37
18,17,48,11,41
20,17,53,8,39
21,21,51,2,47
15,20,61,9,30
22,19,52,9,39
17,20,58,7,35
15,19,51,8,41
18,23,56,9,35
21,22,53,10,37
22,19,54,7,39
16,18,53,6,41
21,24,55,13,32
20,19,61,8,31
19,24,61,4,35
27,20,53,0,47
16,17,54,10,36
33,20,49,7,44
24,15,56,6,38
27,15,44,8,48
18,23,59,7,34
18,17,53,11,36
22,17,59,5,36
26,15,53,9,38
23,22,59,5,36
17,16,52,4,44
23,13,56,3,41
15,23,59,9,32
26,13,40,5,55
24,17,50,4,46
21,19,58,4,38
24,22,53,6,41
18,24,55,6,39
22,14,56,7,37
23,19,49,14,37
23,18,49,5,46
20,20,53,12,35
22,25,55,8,37
15,14,55,6,39
18,21,62,6,32
19,16,53,5,42
18,20,62,3,35
21,20,50,6,44
22,15,60,4,36
17,24,60,4,36
24,18,46,9,45
15,20,59,4,37
22,17,50,7,43
16,16,53,4,43
27,17,40,10,50
21,17,58,5,37
27,18,42,8,50
18,13,52,10,38
17,17,58,4,38
23,16,50,10,40
15,24,60,5,35
20,22,55,6,39
11,25,61,6,33
15,20,62,6,32
26,24,53,7,40
23,19,52,11,37
17,16,52,6,42
21,27,55,7,38
25,23,51,4,45
25,18,51,8,41
24,13,46,11,43
14,20,63,6,31
21,21,55,9,36
16,24,58,7,35
25,17,54,5,41
24,16,48,11,41
16,23,54,10,36
27,20,50,9,41
20,21,56,6,38
20,12,55,10,35
19,18,46,8,46
30,15,47,11,42
18,16,62,4,34
22,17,50,4,46
22,16,52,11,37
18,15,60,8,32
20,17,58,6,36
22,22,58,5,37
24,13,47,6,47
27,15,47,6,47
20,22,59,8,33
16,19,57,7,36
18,27,53,7,40
14,24,65,7,28
28,23,50,5,45
23,18,53,3,44
25,20,54,4,42
25,16,52,5,43
23,20,53,7,40
18,20,54,6,40
19,20,59,11,30
23,16,50,8,42
31,16,34,9,57
20,13,59,7,34
17,22,60,4,36
16,21,58,5,37
17,24,57,3,40
19,27,54,5,41
20,17,56,6,38
24,21,47,5,48
18,21,57,8,35
25,16,43,10,47
21,14,63,6,31
23,16,48,8,44
22,24,54,4,42
20,15,54,6,40
20,16,56,9,35
27,22,48,8,44
22,20,59,10,31
26,15,48,11,41
30,16,45,9,46
18,25,55,13,32
29,22,57,4,39
24,20,47,7,46
22,22,52,4,44
23,24,50,7,43
27,14,43,5,52
20,22,62,4,34
20,18,54,7,39
20,22,54,3,43
28,19,45,9,46
24,24,56,7,37
18,17,58,8,34
25,16,47,7,46
19,22,55,7,38
28,19,46,6,48
25,18,50,7,43
22,23,57,3,40
17,21,66,2,32
12,24,61,6,33
24,18,48,11,41
25,24,52,6,42
18,19,45,15,40
19,18,51,5,44
18,21,52,11,37
17,20,60,5,35
25,19,54,6,40
23,25,61,3,36
24,17,52,7,41
22,16,55,8,37
22,21,51,13,36
17,18,57,9,34
25,15,47,3,50
20,18,52,10,38
21,21,56,9,35
25,11,44,16,40
28,20,57,4,39
31,23,53,6,41
23,19,57,6,37
19,20,51,7,42
24,25,53,8,39
25,19,51,7,42
17,21,56,6,38
17,21,55,5,40
25,16,62,1,37
18,18,54,5,41
26,20,48,6,46
14,14,56,5,39
25,19,53,7,40
21,19,54,7,39
24,27,57,7,36
23,27,59,4,37
18,17,58,9,33
16,17,59,6,35
24,12,49,9,42
21,17,52,6,42
23,19,55,6,39
18,22,56,10,34
13,22,60,14,26
21,18,59,2,39
21,18,55,7,38
17,25,61,6,33
21,19,53,9,38
19,13,57,6,37
16,16,55,9,36
29,9,49,8,43
20,22,55,7,38
25,24,48,9,43
18,23,60,8,32
26,16,57,6,37
24,20,55,5,40
20,19,55,9,36
26,16,55,5,40
23,19,51,6,43
23,19,53,9,38
17,21,54,7,39
21,15,43,19,38
17,23,53,8,39
26,17,50,5,45
22,26,58,4,38
25,16,54,2,44
22,19,52,7,41
26,16,45,4,51
21,21,57,9,34
21,26,56,7,37
26,23,45,7,48
20,16,54,6,40
28,21,54,3,43
15,16,48,7,45
24,16,49,9,42
17,19,57,7,36
20,9,55,2,43
19,19,52,8,40
21,18,53,3,44
18,17,61,8,31
27,15,50,7,43
19,23,58,4,38
24,14,51,11,38
19,19,59,5,36
20,11,48,12,40
24,21,61,4,35
21,14,57,10,33
21,22,53,7,40
21,20,56,7,37
19,19,56,5,39
14,18,52,8,40
20,12,49,10,41
16,14,58,5,37
26,17,48,8,44
24,17,45,10,45
22,16,57,9,34
21,22,50,4,46
19,17,46,9,45
19,17,52,5,43
17,26,62,5,33
20,26,56,6,38
25,9,51,6,43
25,17,48,9,43
18,19,57,9,34
25,18,47,9,44
20,25,56,8,36
22,15,47,6,47
19,17,61,4,35
22,18,51,5,44
17,23,62,4,34
25,15,43,9,48
22,21,53,7,40
19,21,52,9,39
21,21,50,9,41
20,26,61,10,29
20,17,56,8,36
30,17,53,6,41
20,19,52,12,36
22,24,55,6,39
27,14,47,7,46
29,18,48,8,44
17,24,59,9,32
22,17,56,7,37
18,17,56,8,36
28,17,52,7,41
23,17,52,9,39
20,15,48,12,40
25,16,48,7,45
18,28,57,9,34
19,20,58,12,30
20,19,62,5,33
29,12,45,13,42
22,20,54,7,39
16,18,51,14,35
18,21,53,8,39
22,17,57,5,38
17,19,62,7,31
21,8,54,8,38
25,15,46,5,49
25,12,56,5,39
18,21,60,5,35
20,18,52,9,39
16,21,62,6,32
22,14,54,9,37
28,16,51,4,45
19,19,62,0,38
20,22,54,5,41
23,21,55,6,39
16,23,56,9,35
17,24,65,4,31
21,18,53,7,40
19,24,54,9,37
16,17,62,5,33
21,15,53,7,40
23,21,51,5,44
21,18,56,7,37
22,18,52,5,43
15,17,51,9,40
25,16,54,4,42
26,10,49,9,42
29,9,47,9,44
22,19,49,9,42
20,22,54,4,42
17,21,50,10,40
23,24,57,3,40
18,25,50,7,43
20,17,61,4,35
16,19,56,11,33
24,13,49,9,42
19,22,61,7,32
15,17,54,4,42
24,14,56,5,39
24,27,63,7,30
26,10,41,9,50
27,19,46,10,44
30,16,48,6,46
26,17,50,4,46
15,23,57,9,34
19,22,58,9,33
36,10,42,9,49
24,16,54,3,43
19,17,58,8,34
22,14,50,8,42
27,17,50,4,46
25,18,48,11,41
16,18,62,12,26
24,28,60,4,36
23,13,53,10,37
23,17,46,6,48
20,20,63,7,30
22,20,51,5,44
16,15,59,8,33
20,25,60,4,36
27,20,50,7,43
23,21,54,7,39
22,25,60,6,34
18,15,55,10,35
23,18,52,8,40
26,15,49,7,44
27,12,53,7,40
25,23,56,4,40
18,23,57,5,38
20,16,53,10,37
20,15,51,7,42
21,24,60,2,38
21,23,53,7,40
27,13,47,4,49
22,18,55,8,37
20,15,50,10,40
22,23,54,7,39
26,13,50,7,43
22,11,51,5,44
23,17,52,4,44
19,13,46,10,44
22,17,52,8,40
28,18,53,6,41
16,18,59,10,31
16,18,56,5,39
14,22,50,7,43
29,15,50,9,41
15,25,64,4,32
21,8,55,9,36
21,21,55,9,36
18,24,67,4,29
27,17,46,5,49
28,14,41,9,50
23,10,44,8,48
17,21,55,6,39
21,18,56,5,39
22,14,49,10,41
19,20,55,8,37
27,22,56,7,37
17,20,50,7,43
22,16,57,5,38
24,18,44,13,43
23,19,49,10,41
15,18,56,7,37
20,15,55,5,40
17,17,51,3,46
21,20,53,8,39
17,12,58,5,37
21,18,51,7,42
18,20,55,5,40
14,18,59,5,36
32,19,50,5,45
23,20,54,8,38
17,22,64,4,32
24,13,52,8,40
23,20,52,8,40
16,23,51,2,47
18,14,52,9,39
21,21,53,11,36
22,16,55,6,39
17,19,56,5,39
22,20,57,4,39
14,21,59,9,32
20,20,59,5,36
26,15,47,6,47
20,16,53,7,40
18,23,66,2,32
20,22,52,8,40
23,19,51,10,39
20,20,55,8,37
16,19,59,8,33
27,23,52,4,44
19,18,52,7,41
20,15,58,4,38
28,21,47,8,45
18,17,62,7,31
17,24,60,6,34
30,19,46,3,51
24,20,52,8,40
25,14,49,6,45
15,20,55,6,39
28,18,53,6,41
25,17,56,4,40
22,18,50,10,40
24,11,52,4,44
15,19,58,6,36
24,19,55,4,41
17,21,56,5,39
23,20,52,5,43
23,19,51,8,41
30,18,47,6,47
21,13,53,6,41
17,23,63,7,30
25,19,50,3,47
18,18,53,7,40
21,22,58,3,39
24,26,54,9,37
16,22,66,5,29
24,18,56,5,39
20,19,53,6,41
20,21,54,10,36
13,16,61,9,30
19,18,50,8,42
16,18,56,8,36
28,13,54,5,41
18,14,55,3,42
21,21,55,5,40
22,16,50,8,42
21,18,53,9,38
18,23,58,8,34
20,18,50,10,40
18,22,59,4,37
22,20,55,11,34
24,12,46,8,46
25,24,59,5,36
18,21,57,5,38
26,25,49,10,41
17,20,59,6,35
28,19,46,9,45
20,14,53,5,42
15,25,53,8,39
13,24,61,10,29
21,19,57,4,39
14,22,59,8,33
26,11,45,7,48
23,18,48,5,47
17,20,55,11,34
20,16,49,9,42
23,10,47,9,44
22,17,49,7,44
21,18,50,6,44
18,19,54,6,40
21,22,55,5,40
14,22,61,8,31
23,18,57,3,40
20,22,57,6,37
21,20,55,4,41
25,25,59,8,33
24,15,48,8,44
19,24,60,4,36
15,21,54,5,41
24,15,46,7,47
26,21,53,3,44
25,16,51,8,41
17,24,61,5,34
20,17,55,4,41
28,24,56,5,39
23,23,60,5,35
17,18,56,7,37
19,26,61,3,36
20,26,59,7,34
25,10,47,9,44
25,18,49,6,45
25,20,42,10,48
25,21,53,6,41
24,21,53,7,40
27,13,45,6,49
17,23,50,13,37
21,22,58,1,41
34,12,45,7,48
23,21,49,6,45
24,21,52,6,42
23,20,50,8,42
25,14,56,5,39
27,14,56,2,42
26,18,49,7,44
20,16,57,5,38
21,17,46,11,43
20,15,53,6,41
25,16,46,8,46
21,24,56,3,41
20,14,61,5,34
25,14,52,6,42
20,12,52,4,44
21,27,57,4,39
29,21,44,6,50
19,18,60,4,36
24,24,54,6,40
19,24,52,5,43
25,23,53,3,44
22,22,61,3,36
22,21,56,9,35
20,19,54,4,42
19,18,56,4,40
21,24,55,7,38
25,14,50,2,48
25,20,45,7,48
25,27,55,10,35
20,23,66,5,29
19,17,47,9,44
30,16,46,6,48
17,17,56,10,34
23,23,53,7,40
19,24,58,6,36
15,18,61,10,29
15,16,63,6,31
16,28,65,5,30
17,17,59,9,32
26,19,52,6,42
22,21,53,9,38
27,13,49,5,46
24,18,46,8,46
22,18,52,4,44
17,14,57,6,37
17,22,61,6,33
18,19,49,10,41
13,25,61,7,32
18,13,53,8,39
23,19,51,7,42
23,26,56,6,38
18,17,50,12,38
19,17,49,15,36
18,13,53,8,39
14,16,60,8,32
18,22,61,4,35
20,23,56,4,40
18,19,52,6,42
22,15,52,8,40
26,15,54,7,39
17,18,58,5,37
15,17,56,8,36
21,25,54,4,42
22,20,53,3,44
18,20,56,6,38
26,17,44,10,46
17,27,57,9,34
21,11,49,9,42
19,24,58,8,34
24,25,56,2,42
19,15,60,8,32
27,23,56,1,43
19,18,61,6,33
17,17,55,7,38
18,13,50,8,42
29,19,50,6,44
19,17,61,6,33
19,24,57,4,39
19,27,59,6,35
25,20,57,5,38
25,12,52,5,43
20,24,59,4,37
24,25,52,7,41
17,21,56,11,33
20,19,49,7,44
21,20,55,6,39
20,18,51,9,40
22,25,55,3,42
18,20,51,10,39
16,31,64,5,31
27,11,53,3,44
24,17,57,6,37
17,12,50,8,42
22,21,54,11,35
19,24,56,7,37
25,18,58,2,40
18,15,50,7,43
18,28,55,6,39
14,20,54,11,35
14,18,53,5,42
22,8,46,12,42
17,20,59,6,35
18,14,59,8,33
25,21,47,8,45
15,18,57,8,35
22,19,57,6,37
25,21,50,8,42
21,15,54,12,34
20,14,48,6,46
23,15,57,5,38
21,21,51,6,43
22,17,55,9,36
21,15,49,8,43
20,27,54,9,37
20,19,54,6,40
20,20,58,6,36
20,21,52,3,45
23,16,48,9,43
23,21,56,8,36
19,19,55,9,36
12,14,49,8,43
15,24,62,5,33
25,25,55,4,41
17,17,58,9,33
16,20,62,4,34
27,21,51,5,44
21,21,48,10,42
18,19,53,6,41
13,21,60,6,34
19,23,52,7,41
24,20,63,3,34
21,21,51,8,41
17,15,55,8,37
20,23,62,5,33
22,17,53,7,40
30,21,53,6,41
31,16,46,5,49
18,21,55,5,40
23,15,59,6,35
20,14,54,8,38
17,20,50,5,45
25,22,54,5,41
24,20,54,7,39
21,20,58,7,35
16,25,66,4,30
23,13,51,6,43
23,21,54,10,36
21,22,50,10,40
22,19,59,6,35
34,17,50,4,46
23,14,48,9,43
20,16,50,5,45
16,19,59,7,34
15,25,55,6,39
21,17,62,3,35
15,20,58,12,30
17,20,50,14,36
23,13,51,7,42
23,17,47,5,48
24,18,49,8,43
13,25,59,9,32
26,17,47,6,47
21,17,57,4,39
21,10,50,13,37
19,13,55,9,36
18,27,65,4,31
23,15,57,8,35
13,22,64,13,23
27,19,57,3,40
22,17,49,3,48
16,27,58,3,39
25,24,52,9,39
24,16,58,5,37
12,21,56,7,37
17,26,54,9,37
34,22,50,4,46
20,25,61,7,32
24,16,49,3,48
22,19,53,5,42
22,17,52,4,44
23,18,54,6,40
26,14,48,6,46
18,19,63,8,29
22,22,59,7,34
21,17,50,7,43
24,18,55,6,39
27,17,43,8,49
21,22,56,6,38
22,25,47,7,46
23,25,57,5,38
20,19,49,10,41
23,21,53,7,40
17,14,51,6,43
20,27,55,4,41
20,19,56,7,37
27,21,48,7,45
19,22,57,8,35
21,16,50,9,41
22,21,57,4,39
20,20,54,4,42
14,23,61,6,33
26,19,50,5,45
21,12,51,7,42
32,24,47,6,47
26,25,50,6,44
26,18,51,5,44
16,23,60,10,30
19,21,50,7,43
22,10,53,9,38
17,20,58,5,37
19,20,52,8,40
29,22,49,5,46
21,20,56,5,39
24,16,54,5,41
19,14,59,4,37
19,16,56,5,39
21,28,58,3,39
22,21,59,4,37
24,18,56,4,40
20,19,47,11,42
17,29,61,5,34
12,18,62,8,30
22,19,52,2,46
24,19,47,8,45
20,21,50,8,42
25,21,53,6,41
26,20,50,6,44
28,16,46,10,44
31,14,51,4,45
25,19,47,6,47
18,20,57,5,38
17,24,60,5,35
18,18,54,7,39
24,21,56,5,39
19,22,59,9,32
22,18,50,5,45
15,21,57,7,36
18,25,56,4,40
21,27,61,4,35
19,18,58,8,34
20,20,50,8,42
11,26,66,5,29
19,9,50,5,45
20,13,47,7,46
27,22,51,13,36
19,13,49,5,46
23,25,53,10,37
13,23,62,8,30
23,25,60,2,38
18,22,57,7,36
21,24,58,4,38
25,16,50,4,46
26,21,52,4,44
31,16,46,8,46
23,19,56,3,41
25,19,50,4,46
20,22,58,5,37
26,16,47,9,44
25,19,49,5,46
27,19,50,5,45
19,16,50,7,43
23,22,57,7,36
19,16,53,3,44
21,17,57,9,34
23,21,51,8,41
17,30,64,7,29
25,22,52,6,42
22,18,50,9,41
25,18,52,6,42
19,21,55,7,38
20,21,62,6,32
12,21,67,8,25
32,20,49,4,47
25,22,53,5,42
24,19,55,6,39
22,20,54,8,38
26,9,46,14,40
24,17,52,6,42
19,25,53,15,32
20,22,50,10,40
23,19,59,5,36
21,26,59,4,37
23,30,63,5,32
25,13,48,8,44
25,20,56,2,42
20,17,57,6,37
20,19,49,6,45
18,21,55,5,40
20,16,51,13,36
20,27,59,8,33
23,18,56,3,41
24,19,47,9,44
14,23,61,7,32
24,22,53,5,42
27,22,53,6,41
18,19,60,6,34
21,23,55,7,38
15,21,58,7,35
20,18,48,7,45
30,16,55,4,41
23,23,54,2,44
23,22,55,9,36
17,27,56,5,39
21,21,57,4,39
16,24,57,5,38
17,23,57,8,35
22,24,52,6,42
20,14,52,11,37
26,17,51,3,46
21,33,62,7,31
27,20,46,7,47
23,14,49,5,46
23,11,49,6,45
24,17,55,4,41
18,18,56,2,42
15,15,50,5,45
19,21,63,2,35
18,14,51,9,40
18,19,54,7,39
21,15,56,5,39
20,21,54,8,38
17,26,61,4,35
24,19,45,9,46
18,17,51,6,43
27,15,51,4,45
16,21,59,8,33
21,25,54,7,39
26,21,49,6,45
24,20,50,6,44
28,20,50,5,45
19,14,45,9,46
19,17,60,9,31
25,13,48,5,47
19,20,49,9,42
26,16,56,7,37
12,20,55,5,40
20,20,54,10,36
30,16,47,7,46
20,20,56,6,38
21,16,46,8,46
24,13,54,8,38
25,14,49,6,45
21,15,51,9,40
23,22,52,6,42
28,19,59,2,39
21,16,49,8,43
20,23,56,7,37
20,20,59,4,37
25,16,49,10,41
28,14,50,5,45
23,16,49,6,45
24,17,57,7,36
19,29,64,6,30
26,22,46,7,47
30,13,54,2,44
16,24,59,5,36
18,16,54,10,36
24,17,47,10,43
27,11,50,3,47
13,25,66,4,30
25,22,52,6,42
22,19,60,3,37
18,13,61,2,37
24,14,50,11,39
23,15,48,9,43
13,19,60,5,35
23,20,51,3,46
23,17,47,10,43
14,21,61,6,33
21,14,58,8,34
27,14,49,5,46
23,20,52,3,45
22,20,57,2,41
27,16,53,4,43
21,14,47,12,41
23,19,51,3,46
29,17,46,6,48
20,21,53,6,41
30,20,42,6,52
19,16,60,5,35
20,22,57,9,34
24,19,55,6,39
16,14,49,8,43
28,23,51,5,44
18,24,56,10,34
17,24,50,5,45
23,19,52,4,44
26,20,49,8,43
23,19,47,9,44
26,25,51,3,46
17,12,47,8,45
24,15,51,6,43
25,22,49,5,46
25,15,53,10,37
19,26,56,5,39
24,13,60,8,32
18,16,51,8,41
14,19,64,3,33
16,12,55,13,32
24,13,44,7,49
17,17,59,7,34
13,22,62,5,33
21,24,59,4,37
12,23,64,12,24
20,21,59,4,37
23,16,52,10,38
17,15,49,13,38
26,25,45,11,44
22,20,59,6,35
26,24,48,9,43
26,17,57,2,41
26,15,48,6,46
21,24,58,7,35
26,27,52,3,45
12,21,56,9,35
26,16,50,4,46
31,18,46,7,47
29,19,54,5,41
13,22,60,6,34
21,24,54,6,40
27,17,47,10,43
20,14,50,9,41
23,18,55,3,42
16,16,53,5,42
19,19,54,2,44
20,22,50,4,46
25,18,54,6,40
16,23,63,5,32
16,19,59,7,34
27,19,52,5,43
27,13,51,4,45
27,16,48,11,41
22,24,55,7,38
25,14,51,4,45
24,13,51,4,45
15,18,53,7,40
17,24,59,4,37
18,22,55,9,36
21,15,51,5,44
26,14,39,8,53
25,16,52,6,42
26,22,47,8,45
24,17,54,9,37
16,20,65,4,31
20,13,44,7,49
16,15,56,6,38
25,15,50,6,44
13,21,54,10,36
21,15,50,5,45
30,18,50,8,42
26,17,50,8,42
23,23,56,9,35
23,14,48,7,45
18,26,62,6,32
27,17,50,7,43
17,14,53,9,38
26,13,47,7,46
25,19,52,6,42
16,17,56,13,31
23,20,51,12,37
19,21,52,6,42
17,18,58,7,35
15,22,64,4,32
31,16,48,5,47
16,25,64,4,32
21,11,45,6,49
18,22,59,5,36
18,17,61,5,34
24,21,51,8,41
14,21,57,11,32
20,17,58,3,39
25,17,50,5,45
14,17,64,7,29
19,17,53,9,38
29,14,51,4,45
22,18,56,2,42
17,22,58,6,36
24,20,60,4,36
22,16,59,5,36
22,19,56,4,40
17,15,52,13,35
22,24,60,4,36
22,14,52,4,44
18,18,56,10,34
21,23,49,8,43
15,18,57,6,37
21,13,52,8,40
19,17,47,8,45
19,22,53,9,38
20,18,51,6,43
22,17,51,11,38
32,16,47,4,49
23,20,50,5,45
28,15,55,4,41
23,19,44,7,49
21,18,55,6,39
26,15,53,9,38
20,22,58,6,36
25,19,55,5,40
32,19,47,8,45
26,19,50,9,41
21,23,60,5,35
19,18,61,5,34
23,17,52,5,43
25,21,53,10,37
21,23,56,5,39
27,23,55,3,42
16,24,58,10,32
17,16,58,4,38
17,15,59,8,33
17,27,61,3,36
16,21,55,10,35
20,16,52,7,41
24,22,55,8,37
24,21,49,8,43
28,12,49,6,45
20,14,61,7,32
15,23,60,5,35
12,18,59,9,32
25,19,55,7,38
21,19,57,2,41
26,14,45,9,46
17,18,51,14,35
21,21,57,3,40
25,15,51,7,42
23,17,47,9,44
19,29,63,7,30
24,13,57,5,38
16,12,50,8,42
19,18,57,8,35
29,19,52,5,43
19,19,55,4,41
20,26,65,3,32
20,22,55,4,41
28,16,48,4,48
18,23,62,8,30
16,22,56,7,37
16,23,56,6,38
21,20,51,5,44
22,20,50,5,45
20,23,59,6,35
27,15,47,6,47
18,20,54,10,36
24,17,54,7,39
18,27,50,6,44
21,14,48,7,45
28,19,51,7,42
17,24,48,13,39
19,19,54,5,41
19,13,55,6,39
22,19,58,5,37
23,18,52,6,42
17,14,49,10,41
21,21,61,6,33
23,21,55,6,39
25,16,51,7,42
18,22,58,2,40
17,12,53,6,41
18,19,55,7,38
19,11,49,12,39
22,22,53,7,40
25,25,56,7,37
16,17,52,4,44
24,27,54,5,41
22,16,53,7,40
27,21,50,6,44
26,14,47,9,44
22,21,54,7,39
25,17,49,8,43
21,18,51,7,42
17,22,57,5,38
24,20,53,5,42
23,22,50,7,43
18,22,67,4,29
22,30,55,8,37
24,21,57,6,37
20,16,47,9,44
20,18,54,6,40
26,12,44,7,49
17,24,61,5,34
25,19,53,9,38
24,17,54,10,36
25,17,50,6,44
25,18,47,6,47
21,13,51,6,43
22,28,60,5,35
25,20,50,6,44
19,12,48,7,45
21,16,55,7,38
22,18,48,12,40
15,13,56,8,36
22,18,51,7,42
22,21,47,4,49
14,22,56,8,36
16,26,57,8,35
23,21,48,6,46
15,14,57,10,33
18,14,55,9,36
21,18,60,5,35
16,16,57,8,35
22,9,43,8,49
24,20,54,7,39
19,20,58,5,37
17,24,53,10,37
23,16,57,6,37
19,18,56,3,41
26,22,51,5,44
25,15,45,6,49
19,18,51,7,42
21,14,58,4,38
22,14,56,8,36
21,17,45,6,49
24,25,53,6,41
16,16,51,7,42
25,26,54,0,46
20,16,55,3,42
13,17,59,7,34
17,19,57,7,36
19,21,48,6,46
16,29,58,5,37
21,20,61,6,33
18,21,52,8,40
26,21,46,12,42
23,22,53,9,38
24,18,54,9,37
27,22,48,8,44
17,10,50,8,42
18,21,56,5,39
19,31,59,3,38
17,15,53,5,42
22,13,51,10,39
21,12,48,9,43
21,17,51,7,42
19,22,63,6,31
27,18,56,4,40
22,23,54,4,42
21,17,56,3,41
14,16,58,15,27
23,14,46,9,45
21,21,52,6,42
7,20,59,8,33
26,20,52,3,45
23,16,46,8,46
16,18,58,5,37
28,16,45,7,48
29,15,43,6,51
27,21,52,4,44
26,15,50,8,42
18,16,57,7,36
15,21,55,10,35
26,11,41,10,49
24,19,57,3,40
27,11,49,7,44
29,11,46,10,44
31,19,45,6,49
23,24,55,8,37
14,22,58,9,33
13,20,61,7,32
21,17,59,3,38
21,22,63,6,31
23,12,48,9,43
20,17,57,5,38
20,19,54,3,43
19,24,62,0,38
28,27,51,5,44
22,18,49,8,43
27,10,45,6,49
24,24,47,7,46
25,15,51,9,40
18,19,51,11,38
19,21,56,7,37
27,17,49,10,41
18,19,51,5,44
24,19,47,14,39
28,10,44,9,47
31,16,44,7,49
13,22,56,7,37
29,22,57,4,39
27,18,44,9,47
27,23,55,3,42
21,28,60,5,35
24,15,49,9,42
30,20,47,7,46
22,15,53,6,41
12,23,61,8,31
30,13,43,9,48
24,18,46,7,47
15,18,60,5,35
17,18,57,7,36
21,11,52,7,41
21,20,52,5,43
24,23,49,9,42
20,23,51,9,40
25,22,53,10,37
27,11,48,9,43
18,15,59,5,36
19,20,59,7,34
21,18,57,9,34
25,18,56,4,40
19,17,52,6,42
22,17,55,1,44
19,21,53,7,40
19,20,54,7,39
25,14,48,6,46
28,13,54,9,37
17,21,55,6,39
17,21,55,8,37
25,11,48,8,44
32,23,40,9,51
16,22,60,10,30
28,14,51,9,40
23,17,51,5,44
22,19,54,5,41
23,14,47,9,44
25,15,51,9,40
16,22,49,11,40
30,19,49,6,45
30,20,50,4,46
19,23,56,8,36
30,14,50,4,46
19,22,53,9,38
19,23,61,3,36
22,17,54,9,37
27,17,50,8,42
24,19,55,5,40
20,17,54,7,39
17,20,61,6,33
23,16,53,5,42
24,14,60,4,36
24,16,50,6,44
29,21,55,4,41
23,21,52,8,40
21,17,56,7,37
26,16,48,10,42
18,17,60,7,33
24,18,55,7,38
27,15,51,6,43
20,28,60,6,34
28,20,45,8,47
24,14,52,2,46
16,17,56,1,43
18,17,58,8,34
18,16,62,9,29
20,19,65,6,29
28,20,50,4,46
25,15,48,8,44
26,14,42,12,46
16,21,58,9,33
22,19,51,9,40
14,22,55,2,43
17,19,55,6,39
28,20,47,6,47
23,15,48,7,45
28,18,49,6,45
21,23,58,7,35
17,19,54,10,36
20,23,53,5,42
19,15,51,3,46
21,18,57,3,40
24,16,54,2,44
21,13,52,8,40
21,15,47,7,46
15,20,54,8,38
25,17,51,7,42
28,14,51,7,42
27,19,55,3,42
21,22,60,2,38
21,15,41,8,51
26,16,46,8,46
22,23,57,4,39
19,19,61,5,34
17,17,59,8,33
22,17,50,9,41
17,27,63,3,34
24,24,47,10,43
25,22,55,7,38
22,19,54,4,42
11,17,56,7,37
12,17,52,6,42
21,16,59,7,34
23,17,51,7,42
19,18,52,9,39
16,28,55,8,37
23,19,54,10,36
22,20,45,12,43
31,17,50,7,43
23,17,48,7,45
21,15,57,6,37
28,20,52,1,47
28,23,55,4,41
28,20,51,5,44
22,22,47,7,46
18,12,49,3,48
24,11,48,8,44
20,14,48,12,40
26,15,47,5,48
21,18,50,4,46
13,18,64,4,32
29,17,50,2,48
24,20,49,6,45
25,14,50,6,44
24,24,60,2,38
25,13,55,4,41
17,17,52,8,40
21,23,63,5,32
20,20,55,7,38
23,15,54,3,43
19,20,55,8,37
18,27,58,7,35
28,18,52,6,42
15,20,54,4,42
23,18,55,7,38
28,19,54,5,41
28,16,41,10,49
21,17,52,7,41
20,16,47,13,40
24,20,48,6,46
29,20,44,6,50
23,12,51,8,41
13,20,55,7,38
18,18,56,4,40
22,22,47,7,46
15,21,61,4,35
23,21,56,3,41
20,24,55,7,38
21,15,54,5,41
28,22,54,7,39
26,14,48,10,42
21,21,57,6,37
19,13,50,3,47
29,17,47,6,47
13,17,56,10,34
17,18,60,6,34
23,17,48,8,44
23,20,53,6,41
21,22,58,8,34
23,15,42,8,50
26,19,52,5,43
12,22,68,7,25
26,16,54,6,40
23,15,42,9,49
22,23,56,5,39
22,14,55,7,38
18,19,55,5,40
16,22,55,6,39
26,16,52,6,42
17,22,60,2,38
15,19,62,8,30
21,21,56,5,39
23,20,58,5,37
19,16,50,4,46
13,29,67,3,30
22,13,52,8,40
20,23,58,5,37
19,22,56,7,37
25,21,52,7,41
25,22,54,5,41
19,11,51,7,42
16,16,50,8,42
23,14,45,8,47
18,23,57,6,37
18,17,50,4,46
26,22,51,7,42
29,18,45,4,51
20,15,48,10,42
26,19,53,4,43
15,24,63,6,31
18,17,55,6,39
18,17,53,8,39
28,13,47,10,43
22,22,53,5,42
23,19,52,5,43
29,16,46,8,46
17,23,54,9,37
19,19,60,4,36
21,19,57,4,39
21,25,55,8,37
14,26,59,7,34
18,21,49,5,46
27,18,49,4,47
21,15,51,6,43
23,21,60,7,33
22,15,54,8,38
23,19,54,8,38
13,21,60,5,35
18,21,60,8,32
16,23,62,6,32
19,15,54,8,38
22,15,53,9,38
25,23,55,4,41
19,24,63,6,31
20,21,55,7,38
19,21,54,6,40
23,16,51,6,43
21,21,60,3,37
26,15,50,6,44
18,18,53,7,40
20,15,51,7,42
26,18,49,9,42
18,23,57,6,37
17,24,56,13,31
20,14,56,5,39
28,12,42,11,47
28,16,41,8,51
21,22,56,8,36
18,23,59,8,33
21,16,51,10,39
35,11,43,7,50
21,18,54,4,42
25,19,51,6,43
22,15,55,7,38
19,21,56,6,38
18,19,59,5,36
17,18,60,4,36
16,24,57,3,40
18,23,60,8,32
26,22,53,4,43
21,17,56,8,36
21,16,52,7,41
22,19,55,6,39
25,12,53,9,38
22,29,59,6,35
17,22,54,7,39
22,24,60,7,33
13,29,62,8,30
17,18,54,7,39
20,25,63,5,32
24,24,54,6,40
20,9,55,7,38
29,12,48,8,44
25,14,51,10,39
21,17,50,8,42
21,15,48,6,46
21,18,48,6,46
24,23,55,6,39
20,22,61,6,33
24,17,53,5,42
16,15,58,7,35
17,23,60,5,35
26,25,56,4,40
27,12,43,6,51
21,23,54,7,39
17,17,54,9,37
27,20,47,10,43
23,16,53,7,40
23,18,52,8,40
18,16,53,9,38
27,14,48,4,48
22,13,43,7,50
21,12,51,5,44
20,21,50,10,40
24,23,54,8,38
22,21,60,6,34
25,16,57,4,39
20,20,54,5,41
21,24,56,7,37
17,15,60,8,32
24,20,52,7,41
21,16,56,7,37
18,23,55,6,39
31,14,49,0,51
20,21,56,5,39
16,15,59,8,33
26,14,37,11,52
20,27,56,7,37
18,20,58,10,32
22,16,46,9,45
23,19,60,6,34
20,22,52,4,44
25,20,51,5,44
18,25,62,5,33
26,17,52,5,43
24,19,54,8,38
12,15,54,7,39
20,16,50,6,44
22,15,55,7,38
22,16,52,7,41
29,13,43,5,52
23,19,56,6,38
18,16,58,6,36
16,21,58,8,34
30,22,54,5,41
21,16,43,9,48
18,18,55,5,40
26,23,50,8,42
18,22,62,4,34
19,14,49,7,44
23,21,54,5,41
22,21,51,7,42
22,20,53,5,42
27,20,57,5,38
28,16,42,10,48
24,17,52,6,42
21,13,49,9,42
21,18,52,8,40
20,18,54,6,40
26,18,52,5,43
25,12,55,1,44
20,22,51,8,41
22,18,48,6,46
18,19,55,5,40
21,15,52,10,38
15,14,50,8,42
20,26,53,4,43
20,26,63,7,30
34,21,44,5,51
28,14,42,8,50
21,18,49,7,44
17,18,62,8,30
24,22,53,4,43
17,15,52,4,44
10,21,60,9,31
35,22,46,3,51
15,28,64,6,30
22,11,53,6,41
22,18,54,5,41
19,16,52,9,39
22,26,61,7,32
26,17,50,9,41
19,24,58,12,30
17,21,58,9,33
26,17,51,5,44
26,17,51,7,42
25,18,55,6,39
20,15,47,7,46
21,17,49,10,41
18,23,59,7,34
21,18,50,6,44
20,15,45,14,41
21,23,55,6,39
21,22,49,8,43
25,23,49,9,42
18,21,51,6,43
17,21,54,7,39
17,18,45,9,46
23,15,48,6,46
20,20,54,6,40
29,10,37,5,58
14,22,59,10,31
20,22,50,7,43
18,17,51,5,44
27,10,51,6,43
23,20,48,11,41
24,19,55,4,41
21,20,56,9,35
21,16,49,6,45
26,16,58,6,36
20,17,59,5,36
24,22,46,6,48
23,20,51,12,37
20,18,50,10,40
13,15,60,10,30
19,22,67,1,32
20,23,52,7,41
15,23,65,7,28
22,16,52,9,39
24,20,53,8,39
24,22,54,4,42
22,19,57,10,33
22,19,60,8,32
28,14,53,6,41
21,18,46,12,42
19,15,56,7,37
13,20,58,9,33
15,26,63,9,28
28,18,52,7,41
21,16,55,6,39
23,15,57,6,37
18,22,53,12,35
24,13,52,11,37
28,23,56,5,39
18,21,61,5,34
21,19,53,11,36
23,21,56,7,37
16,22,56,8,36
20,20,49,8,43
17,14,52,3,45
25,17,48,9,43
21,20,54,8,38
30,16,46,5,49
20,21,59,6,35
20,21,56,12,32
28,16,44,10,46
17,17,54,10,36
21,14,53,9,38
21,13,51,5,44
19,24,53,5,42
23,18,52,9,39
17,16,55,10,35
26,14,52,7,41
15,21,56,8,36
20,19,52,12,36
20,14,56,6,38
25,19,52,6,42
17,14,51,5,44
24,20,54,9,37
28,18,44,7,49
18,12,44,9,47
21,25,52,7,41
21,18,49,11,40
18,21,59,7,34
30,20,50,8,42
13,29,61,6,33
20,17,51,7,42
24,20,49,6,45
23,16,52,11,37
25,14,52,6,42
25,21,53,6,41
24,14,49,6,45
18,22,53,12,35
20,20,53,4,43
27,15,52,8,40
14,23,67,3,30
25,13,44,9,47
19,28,56,5,39
20,23,55,5,40
26,18,48,3,49
23,21,56,6,38
20,21,59,7,34
20,15,59,5,36
19,18,54,7,39
19,17,56,8,36
19,19,57,7,36
16,23,58,6,36
24,22,54,6,40
21,20,57,12,31
33,16,44,4,52
25,19,54,9,37
19,19,59,6,35
28,19,47,5,48
20,19,54,4,42
27,21,50,3,47
27,17,50,10,40
18,20,45,7,48
26,17,54,2,44
19,22,48,8,44
24,16,51,6,43
22,18,56,7,37
24,15,54,6,40
26,16,47,10,43
25,22,50,6,44
25,18,53,4,43
23,19,51,7,42
23,17,52,6,42
20,23,55,5,40
26,15,54,6,40
20,23,58,5,37
22,18,46,10,44
21,13,51,6,43
26,19,54,6,40
20,23,57,8,35
18,23,62,2,36
23,19,53,8,39
19,19,60,5,35
15,21,58,8,34
17,28,64,4,32
17,21,58,8,34
15,18,52,10,38
22,19,55,9,36
22,16,53,9,38
20,14,48,11,41
21,22,58,6,36
18,18,66,3,31
28,12,49,6,45
19,17,51,8,41
27,14,49,6,45
20,20,62,6,32
20,21,53,8,39
15,15,50,9,41
22,14,57,4,39
23,14,55,3,42
23,16,52,8,40
22,22,54,7,39
16,17,49,9,42
23,21,54,8,38
33,18,46,7,47
14,24,55,11,34
24,18,56,6,38
19,20,51,7,42
16,22,63,9,28
24,18,46,6,48
22,12,49,6,45
25,22,54,3,43
20,21,62,5,33
24,14,49,9,42
22,14,57,8,35
19,21,64,3,33
16,16,61,9,30
17,24,57,7,36
25,22,46,10,44
27,18,50,4,46
24,19,50,14,36
18,16,57,10,33
17,24,55,6,39
16,20,61,2,37
20,14,56,8,36
15,18,51,10,39
12,23,60,8,32
22,15,53,10,37
29,22,48,5,47
23,22,54,5,41
24,20,59,5,36
20,17,54,8,38
18,24,58,7,35
23,22,57,3,40
22,31,61,6,33
20,23,55,4,41
22,18,52,9,39
19,14,54,8,38
18,22,53,11,36
25,22,51,9,40
18,15,63,5,32
27,26,57,5,38
21,23,55,7,38
26,21,46,9,45
22,23,57,3,40
26,26,55,6,39
24,26,58,4,38
22,20,52,5,43
15,26,55,8,37
21,19,51,10,39
23,19,63,4,33
17,21,52,11,37
27,19,40,8,52
17,18,56,11,33
19,17,54,10,36
24,24,51,7,42
22,21,49,9,42
26,15,46,8,46
24,20,55,4,41
26,19,50,5,45
18,26,52,6,42
22,15,45,4,51
26,21,54,3,43
24,15,46,5,49
28,23,46,10,44
27,19,52,6,42
25,12,53,7,40
21,21,43,12,45
24,28,56,10,34
23,23,55,5,40
25,19,49,7,44
18,24,58,6,36
18,20,57,4,39
24,25,57,2,41
21,28,57,5,38
27,17,48,3,49
25,22,55,5,40
24,14,43,9,48
24,27,54,7,39
23,20,56,4,40
17,24,60,9,31
24,23,47,7,46
23,14,49,5,46
23,19,56,6,38
26,12,46,4,50
21,22,53,10,37
21,15,49,10,41
21,20,47,11,42
24,16,51,6,43
16,13,54,10,36
19,13,51,8,41
31,17,46,5,49
18,18,50,4,46
24,13,51,8,41
20,26,52,10,38
18,18,53,7,40
23,15,55,5,40
24,21,56,6,38
24,20,51,14,35
20,17,56,9,35
24,21,51,11,38
15,15,61,8,31
19,17,47,7,46
21,13,45,12,43
21,19,52,7,41
28,19,56,7,37
28,16,46,6,48
17,26,66,5,29
22,12,48,13,39
20,14,50,10,40
21,21,54,7,39
18,16,53,9,38
17,22,59,6,35
21,14,49,8,43
23,22,46,14,40
20,21,55,9,36
16,15,58,7,35
27,20,54,5,41
23,25,47,11,42
27,15,51,8,41
21,19,57,6,37
15,26,58,5,37
22,21,53,5,42
16,19,55,8,37
20,18,54,4,42
23,17,56,7,37
26,16,55,3,42
22,27,62,8,30
23,18,52,8,40
20,16,54,13,33
23,12,49,6,45
28,16,55,3,42
22,17,59,7,34
18,19,59,4,37
29,11,43,9,48
21,18,50,6,44
20,18,58,8,34
13,13,53,10,37
20,16,53,6,41
13,26,62,4,34
18,20,55,10,35
29,23,47,8,45
22,25,53,6,41
18,13,52,11,37
22,21,58,2,40
10,20,57,10,33
24,23,56,7,37
21,24,57,5,38
32,16,50,7,43
24,12,43,8,49
17,25,61,5,34
16,15,55,6,39
17,21,59,6,35
23,19,43,7,50
13,21,65,7,28
19,15,51,7,42
19,16,52,6,42
18,20,58,7,35
22,20,53,4,43
20,20,47,7,46
27,15,50,9,41
24,21,54,6,40
16,14,52,14,34
12,25,59,11,30
22,18,58,5,37
29,9,45,7,48
23,17,52,9,39
26,16,48,11,41
21,19,59,6,35
23,23,56,1,43
17,24,54,9,37
20,19,52,12,36
19,21,60,5,35
23,25,53,5,42
21,22,54,8,38
25,21,46,12,42
23,17,47,10,43
23,19,56,7,37
23,20,57,5,38
22,18,51,7,42
19,18,56,2,42
20,20,51,7,42
23,21,52,7,41
22,20,57,5,38
24,9,51,8,41
24,16,48,9,43
28,18,48,6,46
24,22,56,6,38
21,17,62,4,34
21,19,57,6,37
19,23,57,4,39
13,23,57,8,35
15,20,63,7,30
22,19,55,6,39
29,18,53,2,45
20,17,53,11,36
19,24,49,12,39
21,13,57,7,36
20,18,62,10,28
12,20,51,15,34
20,19,53,8,39
18,17,58,6,36
26,19,47,6,47
20,19,56,7,37
14,20,59,10,31
14,22,63,6,31
28,22,52,6,42
18,26,60,7,33
24,13,44,9,47
20,21,58,7,35
22,14,52,7,41
29,23,54,4,42
20,18,45,14,41
29,20,47,9,44
18,17,51,4,45
16,17,53,6,41
20,20,50,11,39
30,18,51,5,44
24,15,50,6,44
23,19,52,3,45
20,20,54,5,41
24,14,49,12,39
21,16,52,6,42
25,26,58,5,37
20,15,57,5,38
20,19,51,9,40
18,14,62,2,36
19,18,53,9,38
25,18,48,6,46
22,19,55,7,38
19,20,53,8,39
24,19,54,4,42
26,13,50,3,47
13,15,51,7,42
23,16,57,4,39
21,18,58,4,38
31,11,50,5,45
24,20,52,3,45
21,16,51,7,42
21,14,48,3,49
17,15,58,5,37
20,22,55,8,37
25,16,51,7,42
22,19,53,7,40
19,17,54,6,40
20,21,57,5,38
28,12,48,4,48
22,13,47,9,44
26,13,43,8,49
17,18,53,9,38
17,24,61,4,35
18,26,57,11,32
19,15,46,7,47
21,24,57,6,37
23,14,52,6,42
26,16,49,7,44
24,17,51,6,43
18,15,53,13,34
18,21,57,9,34
18,18,56,7,37
21,20,51,10,39
20,30,63,4,33
18,19,52,11,37
18,26,63,8,29
23,15,50,10,40
21,20,50,6,44
22,12,51,6,43
22,19,50,6,44
22,17,56,5,39
24,13,54,7,39
21,22,53,7,40
22,17,44,10,46
23,14,43,10,47
21,16,55,9,36
25,14,52,6,42
25,18,51,7,42
21,18,48,9,43
24,14,52,7,41
18,19,61,6,33
23,13,49,9,42
16,20,60,7,33
28,14,47,5,48
20,18,48,10,42
19,19,64,3,33
17,16,59,9,32
21,19,54,3,43
19,23,60,5,35
23,18,50,12,38
25,19,48,5,47
20,16,55,7,38
20,23,55,5,40
20,19,54,7,39
21,22,55,6,39
19,21,50,14,36
22,20,56,4,40
20,17,48,6,46
19,22,57,6,37
23,25,60,2,38
18,20,50,6,44
24,13,55,7,38
20,24,59,6,35
21,15,53,4,43
12,23,66,4,30
24,15,51,6,43
32,16,46,2,52
19,23,49,8,43
29,15,44,4,52
23,21,48,8,44
19,20,61,3,36
13,20,63,6,31
27,17,44,7,49
17,18,51,13,36
21,19,53,8,39
28,15,51,5,44
26,18,59,4,37
13,22,63,10,27
25,22,53,3,44
18,12,54,7,39
22,19,56,5,39
25,17,55,4,41
19,16,51,16,33
24,19,56,4,40
18,21,51,9,40
23,12,50,7,43
24,15,54,8,38
19,19,54,9,37
21,20,46,4,50
19,25,63,3,34
24,15,48,10,42
12,25,70,6,24
19,22,56,9,35
29,16,47,8,45
20,17,50,7,43
18,19,56,5,39
25,16,51,5,44
22,27,61,3,36
16,26,55,7,38
21,17,53,6,41
27,21,56,4,40
21,16,60,4,36
25,19,49,6,45
15,20,57,6,37
9,22,61,11,28
17,16,61,4,35
24,19,48,7,45
22,17,58,6,36
21,15,53,6,41
25,11,47,6,47
16,27,67,5,28
18,12,59,7,34
23,21,52,5,43
17,20,60,9,31
24,12,48,6,46
22,22,43,11,46
22,18,51,6,43
24,18,56,2,42
20,19,53,6,41
22,19,57,4,39
25,21,54,3,43
18,13,59,8,33
13,20,59,6,35
21,17,52,10,38
21,25,59,7,34
19,20,55,6,39
24,15,53,8,39
24,17,47,7,46
17,23,63,5,32
20,18,58,6,36
22,19,55,5,40
19,26,54,10,36
21,20,57,9,34
26,14,43,3,54
22,26,56,4,40
22,26,54,6,40
27,11,50,7,43
28,13,47,8,45
20,26,61,4,35
22,18,60,5,35
22,19,53,5,42
15,18,49,12,39
23,21,58,3,39
20,16,49,10,41
25,17,47,6,47
20,15,56,6,38
25,14,48,6,46
22,18,58,4,38
20,23,57,9,34
18,23,53,10,37
21,20,60,4,36
27,15,50,7,43
16,23,60,10,30
16,23,61,5,34
22,20,51,6,43
21,22,56,3,41
21,23,55,8,37
25,18,52,6,42
17,25,57,8,35
15,28,59,6,35
20,17,56,4,40
22,20,51,9,40
23,18,51,6,43
25,18,52,8,40
17,22,63,7,30
23,17,55,4,41
23,13,49,5,46
18,25,49,7,44
22,21,60,6,34
25,19,51,5,44
24,14,46,10,44
18,18,57,8,35
19,12,58,6,36
23,14,38,13,49
14,11,48,7,45
20,11,56,5,39
18,23,56,5,39
12,24,60,11,29
16,19,53,9,38
23,28,60,3,37
21,19,53,12,35
24,20,54,10,36
18,20,57,6,37
20,17,52,10,38
32,15,47,4,49
29,18,53,5,42
25,13,51,5,44
24,13,43,7,50
30,14,45,6,49
23,19,51,9,40
21,23,54,6,40
20,19,51,8,41
19,21,57,3,40
27,19,49,5,46
28,20,53,6,41
18,25,58,4,38
21,21,52,8,40
22,23,61,2,37
22,19,52,9,39
31,19,43,10,47
18,17,54,8,38
23,12,47,9,44
20,17,59,4,37
28,11,41,8,51
19,19,59,5,36
25,19,54,5,41
27,19,45,9,46
14,25,61,9,30
21,25,54,8,38
25,17,46,10,44
26,19,49,6,45
18,15,47,11,42
22,25,51,5,44
20,18,48,10,42
18,27,62,3,35
19,21,55,4,41
20,12,53,5,42
18,30,60,4,36
29,21,55,2,43
12,26,56,5,39
23,19,57,5,38
23,16,48,5,47
22,16,56,6,38
20,16,49,8,43
30,17,47,9,44
21,22,55,8,37
27,24,52,8,40
15,22,53,7,40
19,14,57,7,36
26,21,51,8,41
12,22,59,4,37
27,15,48,7,45
25,20,47,6,47
18,20,58,5,37
27,17,50,7,43
21,11,48,6,46
22,16,55,5,40
18,12,58,11,31
24,18,55,3,42
16,18,57,5,38
18,18,47,11,42
18,19,51,10,39
21,20,53,8,39
25,21,53,6,41
19,21,50,8,42
26,25,50,9,41
19,24,62,4,34
19,18,58,6,36
17,19,56,6,38
10,17,55,2,43
21,24,53,8,39
25,15,53,5,42
20,14,47,12,41
24,11,51,4,45
27,19,49,7,44
21,29,62,3,35
22,16,55,6,39
16,24,51,5,44
18,24,57,6,37
27,14,49,10,41
24,19,58,6,36
24,20,54,9,37
22,18,54,7,39
24,20,51,7,42
14,20,59,11,30
14,22,62,5,33
23,18,49,9,42
28,20,50,4,46
15,21,61,9,30
16,18,56,14,30
24,18,49,6,45
21,12,47,7,46
13,14,64,6,30
18,22,55,11,34
19,21,54,9,37
25,21,51,7,42
27,19,45,4,51
24,21,55,5,40
17,15,49,9,42
19,18,57,10,33
23,22,50,3,47
17,24,58,6,36
21,21,53,7,40
27,16,48,4,48
23,17,55,4,41
18,13,51,8,41
19,17,51,4,45
22,17,52,7,41
25,16,44,14,42
23,19,54,6,40
24,17,49,10,41
21,15,53,7,40
26,18,53,5,42
25,23,54,4,42
23,24,59,4,37
21,22,54,6,40
17,23,58,9,33
26,22,53,8,39
24,19,46,13,41
24,14,44,6,50
16,17,59,7,34
16,21,56,10,34
21,20,53,5,42
25,20,51,5,44
27,21,50,6,44
16,20,54,12,34
18,17,55,10,35
18,22,50,11,39
25,15,47,9,44
18,15,53,7,40
21,21,53,8,39
23,17,51,7,42
23,20,49,8,43
22,15,53,8,39
21,15,51,7,42
23,21,58,8,34
30,24,49,7,44
20,18,49,12,39
23,23,58,4,38
22,19,48,8,44
24,11,49,5,46
16,22,66,4,30
13,22,60,8,32
20,19,62,6,32
18,19,55,4,41
16,19,53,12,35
21,28,61,6,33
24,20,58,3,39
22,20,54,5,41
17,17,58,5,37
18,20,47,7,46
24,12,45,8,47
22,16,64,3,33
24,19,49,5,46
22,22,48,5,47
24,20,59,6,35
23,13,45,4,51
29,22,50,9,41
25,19,57,3,40
23,15,54,8,38
19,21,60,6,34
25,22,53,5,42
21,14,44,12,44
26,16,58,7,35
22,23,58,2,40
17,24,55,5,40
21,22,56,4,40
28,13,48,4,48
19,23,51,14,35
20,19,57,7,36
20,19,54,6,40
28,11,43,6,51
21,21,55,7,38
21,19,62,4,34
28,15,50,5,45
21,22,56,5,39
23,21,53,5,42
18,18,51,10,39
17,21,60,4,36
22,21,57,7,36
20,15,53,9,38
28,18,53,4,43
27,26,57,5,38
28,19,45,9,46
12,19,52,7,41
22,17,54,4,42
18,13,47,10,43
22,23,55,12,33
21,22,59,7,34
15,13,49,13,38
25,17,47,4,49
20,23,61,6,33
19,17,49,10,41
25,15,52,6,42
22,21,51,4,45
18,24,58,8,34
17,27,56,6,38
19,23,53,6,41
21,15,55,1,44
20,16,58,7,35
23,19,55,4,41
28,19,49,5,46
28,20,50,5,45
19,13,53,4,43
18,19,55,7,38
19,19,53,8,39
21,19,56,5,39
22,13,49,13,38
15,14,54,9,37
21,23,51,8,41
21,16,50,10,40
24,16,55,8,37
25,9,51,9,40
29,17,55,1,44
20,20,51,5,44
24,20,54,5,41
21,17,52,5,43
20,22,54,7,39
25,22,54,5,41
23,22,61,4,35
25,13,47,6,47
25,17,46,9,45
25,20,48,5,47
15,16,63,4,33
22,23,56,8,36
27,20,51,6,43
24,23,51,7,42
20,18,53,4,43
18,27,59,10,31
26,18,57,2,41
23,16,46,12,42
16,17,52,7,41
23,20,54,6,40
22,20,50,8,42
18,25,63,3,34
17,22,53,6,41
19,23,56,7,37
26,20,52,3,45
29,7,48,4,48
23,18,61,3,36
20,21,64,7,29
21,26,58,6,36
21,18,55,5,40
23,15,46,8,46
26,20,48,10,42
16,22,59,7,34
13,26,60,9,31
22,22,52,1,47
16,24,57,8,35
23,22,51,9,40
19,26,54,7,39
15,22,61,6,33
22,19,51,11,38
20,19,55,6,39
23,22,48,6,46
24,14,42,10,48
21,22,60,1,39
22,17,56,2,42
24,20,53,6,41
14,16,49,6,45
19,13,51,10,39
16,20,57,9,34
28,14,53,3,44
18,23,54,5,41
23,17,49,8,43
25,21,58,5,37
22,20,52,5,43
29,18,48,7,45
22,20,55,5,40
20,12,49,12,39
31,19,49,5,46
19,19,54,8,38
22,30,58,2,40
27,20,55,4,41
20,18,61,5,34
19,28,65,5,30
24,17,48,8,44
25,20,50,7,43
21,18,57,3,40
24,19,57,4,39
24,12,55,7,38
19,22,60,5,35
19,21,58,10,32
20,18,52,5,43
20,15,58,7,35
21,19,52,8,40
20,20,53,9,38
22,16,59,3,38
21,22,52,5,43
17,20,52,5,43
28,20,51,7,42
21,20,55,7,38
19,18,50,8,42
32,15,48,7,45
28,14,45,8,47
21,16,49,8,43
21,27,57,5,38
18,20,55,5,40
25,18,54,4,42
19,17,60,6,34
27,27,58,3,39
20,17,54,4,42
18,20,58,9,33
16,18,61,6,33
17,26,59,2,39
24,18,47,11,42
19,19,53,6,41
15,22,57,14,29
15,19,64,7,29
28,17,55,3,42
26,24,51,10,39
17,18,61,2,37
19,21,62,4,34
22,20,51,7,42
19,21,58,11,31
20,20,49,11,40
19,19,63,7,30
20,18,57,2,41
24,29,54,3,43
25,18,54,9,37
24,20,51,10,39
24,23,63,1,36
27,24,55,6,39
31,19,46,10,44
24,12,47,9,44
29,17,48,5,47
23,16,44,7,49
18,22,60,6,34
29,21,50,3,47
18,21,54,9,37
20,17,53,8,39
25,19,49,13,38
32,16,53,5,42
22,23,53,9,38
23,22,50,5,45
24,17,49,7,44
29,15,44,7,49
24,18,56,7,37
19,17,50,6,44
23,15,53,1,46
19,22,50,13,37
19,11,56,6,38
15,14,57,6,37
24,16,52,5,43
23,17,50,8,42
23,23,58,9,33
26,17,50,7,43
26,18,53,4,43
16,23,55,7,38
30,15,41,8,51
25,17,54,6,40
22,26,57,9,34
26,22,54,4,42
15,19,58,9,33
23,18,53,7,40
22,20,58,6,36
22,21,54,7,39
17,21,59,7,34
26,16,48,5,47
28,26,56,5,39
24,20,48,6,46
24,14,56,12,32
21,26,51,10,39
22,21,56,8,36
21,24,49,3,48
20,16,50,6,44
15,19,57,9,34
21,14,56,3,41
25,21,50,8,42
18,16,50,13,37
13,22,61,9,30
19,18,57,5,38
26,24,53,5,42
26,17,55,6,39
19,13,58,5,37
18,21,53,9,38
22,19,48,8,44
21,15,47,8,45
24,16,53,8,39
21,20,58,4,38
22,15,47,9,44
27,24,52,6,42
27,15,45,6,49
17,17,55,11,34
27,15,53,6,41
18,17,54,6,40
19,18,58,3,39
21,11,53,4,43
19,25,61,5,34
26,21,50,7,43
24,16,50,4,46
17,20,58,6,36
25,18,56,6,38
30,15,46,10,44
26,16,48,6,46
23,22,52,6,42
23,19,48,7,45
20,14,53,7,40
18,20,54,11,35
25,21,54,8,38
22,18,57,9,34
23,19,56,5,39
26,17,51,3,46
27,18,56,1,43
18,19,57,6,37
22,14,55,5,40
22,13,52,7,41
16,14,58,7,35
20,15,54,9,37
30,16,40,11,49
26,20,55,8,37
22,25,57,7,36
16,19,52,10,38
17,31,60,4,36
19,18,55,12,33
25,10,51,10,39
19,21,60,8,32
23,18,62,5,33
23,22,51,8,41
21,18,52,5,43
23,24,50,11,39
26,25,51,6,43
18,19,52,10,38
21,25,56,6,38
16,18,59,6,35
25,21,49,5,46
28,19,56,4,40
28,13,47,8,45
17,23,54,8,38
14,22,60,6,34
23,21,53,9,38
20,16,53,9,38
26,20,55,8,37
21,17,49,6,45
23,13,60,7,33
11,17,55,10,35
28,19,48,3,49
22,19,58,6,36
15,23,58,5,37
28,18,44,8,48
18,25,60,4,36
17,21,56,10,34
28,20,53,2,45
23,18,49,4,47
21,21,51,6,43
14,16,58,4,38
20,21,55,5,40
16,15,54,9,37
21,14,54,6,40
24,18,48,9,43
22,19,62,8,30
23,10,44,4,52
11,17,60,6,34
16,25,61,11,28
23,16,54,7,39
18,21,58,3,39
18,21,50,9,41
21,14,52,4,44
21,20,50,8,42
17,19,53,5,42
18,22,56,10,34
15,19,55,4,41
22,18,59,8,33
23,16,50,6,44
23,22,53,8,39
25,21,49,7,44
28,19,52,3,45
22,19,54,9,37
24,15,52,8,40
20,20,61,3,36
24,22,53,8,39
22,18,53,7,40
16,19,62,7,31
27,15,49,6,45
18,24,59,8,33
18,18,57,7,36
18,21,58,5,37
25,20,58,8,34
20,23,61,4,35
16,20,60,8,32
17,17,53,6,41
16,22,66,4,30
22,23,61,4,35
19,12,53,10,37
18,19,62,7,31
20,25,51,7,42
20,24,52,6,42
23,15,47,9,44
23,19,54,9,37
19,23,57,7,36
17,23,57,5,38
29,12,43,12,45
22,25,57,4,39
19,18,57,4,39
22,15,49,9,42
22,24,52,9,39
17,22,54,7,39
21,20,57,6,37
22,18,48,6,46
14,16,61,6,33
25,15,47,10,43
21,20,52,7,41
26,19,54,4,42
23,19,53,6,41
19,15,51,5,44
23,21,52,9,39
17,25,62,5,33
17,19,54,7,39
19,21,59,5,36
24,18,54,10,36
20,23,50,6,44
20,17,55,5,40
25,21,56,2,42
17,27,66,5,29
18,23,59,6,35
22,18,48,8,44
22,14,49,6,45
13,22,52,5,43
23,20,55,3,42
20,27,57,4,39
24,25,57,5,38
19,21,56,12,32
17,19,66,6,28
22,19,57,2,41
20,20,59,4,37
21,18,58,6,36
18,27,58,3,39
21,20,61,5,34
12,24,57,10,33
26,19,48,6,46
21,26,52,10,38
22,19,55,6,39
21,26,61,5,34
24,22,57,5,38
21,19,53,2,45
16,14,51,13,36
27,15,52,8,40
18,18,52,4,44
22,19,57,5,38
22,14,55,6,39
25,21,48,10,42
23,17,46,10,44
14,32,64,10,26
22,29,60,5,35
25,27,56,0,44
20,24,55,7,38
21,15,52,8,40
19,12,58,4,38
18,17,59,4,37
23,18,48,11,41
19,26,56,7,37
19,17,58,5,37
20,19,57,6,37
26,16,53,4,43
14,20,57,3,40
30,18,50,5,45
18,22,56,9,35
20,18,50,5,45
22,16,50,9,41
25,15,44,9,47
23,16,55,7,38
17,23,60,7,33
18,18,49,13,38
20,17,53,9,38
21,21,56,4,40
23,25,48,5,47
17,12,50,8,42
20,25,61,4,35
21,20,54,6,40
17,19,49,11,40
14,16,50,7,43
32,8,47,7,46
17,17,55,9,36
17,16,52,9,39
24,21,51,6,43
23,12,45,11,44
19,28,56,7,37
28,22,54,3,43
17,17,50,7,43
21,20,61,7,32
21,21,62,5,33
23,20,48,7,45
21,25,53,3,44
23,13,51,8,41
19,24,60,3,37
17,22,53,6,41
23,16,52,4,44
23,20,51,8,41
22,19,49,8,43
31,16,44,5,51
20,25,55,7,38
20,17,54,5,41
23,25,58,9,33
26,18,54,4,42
15,15,52,8,40
23,14,52,3,45
15,17,63,5,32
22,15,47,7,46
23,21,49,8,43
21,18,58,7,35
26,15,44,11,45
15,19,57,3,40
21,17,47,6,47
23,14,51,5,44
22,22,55,7,38
19,19,49,8,43
18,21,59,8,33
28,20,47,6,47
17,12,51,12,37
19,18,53,8,39
22,18,53,6,41
22,20,53,7,40
20,18,59,7,34
17,17,52,9,39
20,21,49,4,47
18,21,56,3,41
18,24,64,5,31
20,23,60,5,35
22,17,56,7,37
26,17,52,8,40
22,14,51,4,45
24,16,46,10,44
24,17,57,1,42
20,21,52,8,40
24,15,56,5,39
21,22,56,8,36
17,16,55,8,37
20,19,52,7,41
9,23,64,12,24
20,20,55,11,34
20,16,53,12,35
21,15,57,5,38
21,24,56,3,41
19,21,49,9,42
22,17,51,6,43
27,18,46,9,45
21,18,59,6,35
21,19,54,8,38
23,17,47,7,46
22,20,51,8,41
17,20,55,6,39
20,17,51,6,43
15,19,58,7,35
13,23,60,9,31
26,16,48,7,45
16,31,58,2,40
17,27,63,5,32
23,19,49,6,45
18,18,58,10,32
25,21,52,11,37
20,28,58,7,35
13,26,62,4,34
27,19,52,6,42
24,16,46,15,39
12,25,62,6,32
23,20,51,5,44
23,17,55,7,38
18,17,52,8,40
21,16,54,10,36
17,23,61,5,34
21,18,51,9,40
23,14,48,9,43
13,19,58,5,37
23,19,52,8,40
20,19,60,5,35
19,22,57,6,37
20,14,47,9,44
18,22,49,7,44
23,20,52,8,40
22,15,55,7,38
19,19,57,4,39
26,17,48,6,46
22,21,55,5,40
24,17,56,9,35
24,23,52,7,41
17,24,59,9,32
23,23,54,8,38
23,25,57,1,42
20,14,57,7,36
21,22,60,9,31
21,15,57,4,39
25,16,48,8,44
26,17,50,6,44
24,9,39,7,54
25,16,42,9,49
25,20,57,5,38
27,22,48,8,44
18,24,55,4,41
17,21,50,6,44
22,18,57,8,35
21,16,59,5,36
24,19,59,5,36
29,17,53,7,40
25,19,52,5,43
29,13,45,5,50
16,22,60,12,28
24,19,52,3,45
24,19,47,9,44
21,23,59,4,37
24,16,44,11,45
20,23,54,6,40
21,13,47,10,43
17,21,59,8,33
18,17,51,11,38
28,18,56,4,40
24,19,56,6,38
22,19,46,5,49
23,20,54,8,38
24,20,48,6,46
25,10,46,9,45
23,21,50,4,46
17,18,64,9,27
19,17,57,4,39
30,21,55,2,43
21,21,51,8,41
28,11,49,8,43
23,15,45,7,48
17,15,53,11,36
18,14,48,7,45
26,17,50,7,43
27,8,44,10,46
14,29,62,9,29
15,23,54,6,40
27,17,52,9,39
19,21,55,2,43
26,18,54,3,43
24,18,49,9,42
13,18,53,6,41
26,23,45,3,52
15,18,60,12,28
22,22,57,4,39
25,28,56,6,38
25,16,49,6,45
24,22,51,5,44
26,25,57,3,40
23,23,52,4,44
20,12,52,10,38
25,12,46,3,51
22,15,56,12,32
20,18,52,5,43
22,16,53,9,38
20,20,57,4,39
22,23,55,4,41
19,17,48,10,42
21,19,49,5,46
13,26,62,8,30
20,21,53,8,39
24,23,54,9,37
21,22,55,5,40
18,18,52,10,38
18,19,57,10,33
19,21,57,8,35
22,24,56,5,39
13,15,49,9,42
25,8,50,8,42
23,14,47,8,45
21,26,60,2,38
27,21,48,4,48
25,14,51,4,45
27,16,40,11,49
27,20,50,6,44
25,17,48,11,41
23,13,47,9,44
20,18,56,6,38
23,21,56,5,39
16,19,61,7,32
16,18,58,5,37
25,16,57,4,39
26,18,51,8,41
19,24,54,8,38
30,20,48,6,46
21,17,59,1,40
21,17,54,6,40
28,20,51,7,42
24,15,45,9,46
15,20,58,6,36
22,23,54,6,40
19,17,59,7,34
17,27,68,5,27
19,25,56,7,37
26,12,50,6,44
25,21,48,7,45
16,21,57,3,40
24,21,56,4,40
20,17,63,6,31
24,18,53,7,40
21,17,56,6,38
20,22,54,8,38
24,14,54,6,40
25,21,58,5,37
13,23,62,6,32
25,15,51,4,45
17,24,55,7,38
26,15,44,13,43
25,17,49,9,42
15,14,55,8,37
21,22,53,5,42
25,17,47,9,44
17,24,57,7,36
21,16,50,8,42
16,20,56,8,36
21,15,53,10,37
20,22,51,8,41
13,22,52,11,37
27,21,52,6,42
17,19,53,4,43
25,15,47,10,43
10,19,55,7,38
13,26,63,5,32
18,18,63,9,28
28,18,49,5,46
18,18,62,8,30
21,17,52,9,39
18,14,58,5,37
21,16,54,10,36
16,18,53,8,39
21,15,58,6,36
16,27,63,6,31
26,16,55,5,40
16,19,57,7,36
23,17,53,7,40
23,21,48,4,48
24,18,58,1,41
21,21,58,4,38
28,22,55,4,41
20,19,54,7,39
23,26,62,4,34
18,16,61,2,37
30,12,44,10,46
23,16,46,10,44
22,21,65,3,32
21,21,60,3,37
30,14,47,6,47
25,15,45,10,45
20,22,51,3,46
20,23,58,6,36
21,22,57,2,41
21,15,53,8,39
12,23,58,11,31
29,15,50,2,48
22,16,53,5,42
21,15,44,11,45
26,17,46,11,43
28,18,44,11,45
27,19,51,7,42
28,15,52,5,43
18,14,56,8,36
26,14,50,9,41
26,22,47,6,47
15,16,63,8,29
21,15,52,4,44
19,24,59,5,36
21,17,56,8,36
21,19,53,5,42
24,12,56,4,40
16,31,62,7,31
14,19,61,4,35
25,10,49,3,48
21,23,61,7,32
24,16,50,6,44
19,17,55,4,41
17,18,55,9,36
23,9,43,10,47
21,21,50,11,39
25,23,49,6,45
29,17,44,7,49
27,15,53,7,40
28,13,43,6,51
15,22,60,6,34
26,14,49,8,43
16,18,60,8,32
20,28,61,2,37
18,21,54,7,39
17,20,53,11,36
24,17,47,8,45
16,18,63,11,26
20,17,51,9,40
20,20,56,4,40
21,14,53,4,43
28,20,52,5,43
11,18,60,5,35
21,20,58,5,37
27,18,49,5,46
23,18,53,5,42
19,22,58,10,32
17,27,56,8,36
18,20,55,6,39
27,19,54,3,43
20,21,55,9,36
23,19,55,8,37
25,16,48,4,48
29,19,48,12,40
19,20,54,6,40
21,23,52,7,41
17,29,55,8,37
22,18,56,7,37
22,17,51,10,39
21,18,52,8,40
18,23,63,3,34
21,17,60,5,35
28,23,51,2,47
22,28,55,7,38
25,13,52,8,40
24,15,56,1,43
25,17,50,10,40
25,23,57,5,38
18,19,57,7,36
21,26,57,3,40
26,17,49,4,47
24,19,47,8,45
24,19,56,4,40
20,18,52,10,38
26,26,58,4,38
23,17,49,6,45
22,21,55,9,36
17,19,58,8,34
27,24,62,4,34
15,23,64,6,30
22,16,53,5,42
28,17,54,2,44
20,29,61,4,35
28,20,59,3,38
25,13,49,5,46
18,17,52,12,36
18,19,57,8,35
12,22,63,5,32
30,16,43,10,47
16,22,56,12,32
25,20,54,4,42
25,20,52,3,45
21,17,52,6,42
14,15,54,8,38
27,14,41,9,50
20,23,46,10,44
18,25,61,8,31
24,20,51,9,40
18,19,56,5,39
26,25,60,3,37
20,14,53,7,40
28,22,53,2,45
21,24,52,10,38
18,19,49,10,41
22,19,48,9,43
24,10,47,5,48
18,21,55,10,35
21,18,55,5,40
23,22,51,2,47
18,17,57,5,38
29,17,45,4,51
21,22,54,4,42
19,19,56,7,37
24,17,54,6,40
21,14,50,3,47
20,19,57,4,39
24,22,57,4,39
16,23,58,9,33
22,24,58,4,38
24,26,52,7,41
24,16,43,8,49
21,25,53,5,42
19,17,53,14,33
26,18,51,7,42
25,12,52,6,42
21,14,51,4,45
23,21,57,6,37
19,25,59,6,35
23,17,47,6,47
13,30,66,4,30
18,21,58,5,37
21,23,52,8,40
24,17,52,3,45
21,16,52,6,42
20,16,51,3,46
26,13,47,5,48
15,16,56,10,34
27,13,44,8,48
21,14,53,11,36
18,20,52,8,40
19,12,51,11,38
24,16,52,9,39
22,16,54,4,42
26,17,48,10,42
21,20,59,7,34
21,18,52,11,37
21,24,59,3,38
18,16,45,8,47
18,18,60,8,32
12,21,57,9,34
27,24,49,8,43
20,15,56,10,34
21,19,56,5,39
22,22,56,7,37
20,22,58,4,38
22,11,54,11,35
18,20,53,10,37
21,18,53,4,43
24,19,58,3,39
14,22,54,6,40
23,24,55,7,38
21,24,58,3,39
21,17,49,10,41
32,13,46,4,50
23,17,55,5,40
23,24,53,2,45
23,19,52,14,34
25,22,56,3,41
19,16,48,8,44
22,19,48,9,43
19,26,60,4,36
12,20,63,5,32
25,21,47,10,43
17,15,49,6,45
20,17,55,4,41
19,15,57,5,38
27,20,55,7,38
20,26,58,6,36
12,17,56,9,35
27,14,49,11,40
23,16,52,9,39
22,17,52,9,39
24,20,54,7,39
22,15,46,5,49
24,17,44,9,47
23,12,51,10,39
19,17,53,10,37
17,20,53,8,39
14,21,64,7,29
24,18,60,2,38
28,13,47,8,45
18,12,54,6,40
26,18,54,3,43
19,16,58,5,37
22,16,53,6,41
21,23,56,9,35
18,23,63,6,31
17,21,56,7,37
21,18,54,5,41
19,29,61,5,34
32,14,42,4,54
28,26,58,2,40
22,19,56,8,36
20,15,55,8,37
23,19,56,6,38
25,13,49,11,40
22,23,55,5,40
20,18,56,6,38
26,15,47,8,45
24,18,59,6,35
29,14,50,6,44
22,20,59,6,35
32,18,45,4,51
18,16,50,16,34
20,26,61,6,33
21,21,50,7,43
22,25,55,10,35
31,15,41,7,52
25,21,53,3,44
24,19,48,6,46
25,22,56,5,39
19,23,51,7,42
26,20,58,9,33
23,21,51,4,45
18,27,54,8,38
21,19,54,4,42
20,12,55,3,42
20,19,58,8,34
18,17,54,9,37
22,14,52,8,40
22,19,52,10,38
20,22,57,6,37
25,14,45,6,49
31,19,46,4,50
26,17,55,6,39
17,27,59,9,32
26,15,50,9,41
22,22,59,5,36
23,27,59,6,35
21,15,58,4,38
23,20,45,6,49
20,25,56,10,34
24,18,51,6,43
25,19,47,10,43
25,21,55,5,40
24,13,48,9,43
21,23,61,4,35
15,19,50,7,43
18,21,62,1,37
19,18,55,9,36
21,17,47,4,49
25,28,56,2,42
18,24,62,5,33
19,17,49,8,43
17,15,58,5,37
22,19,48,5,47
24,13,48,4,48
32,10,50,3,47
25,17,48,5,47
15,21,51,7,42
16,25,68,4,28
21,18,57,5,38
32,16,44,5,51
22,16,61,5,34
30,14,44,4,52
26,21,47,6,47
21,20,57,5,38
24,24,51,3,46
17,26,61,4,35
32,15,44,5,51
13,15,55,8,37
21,20,51,6,43
22,20,49,10,41
19,14,55,8,37
19,22,56,5,39
21,21,54,8,38
21,21,54,4,42
29,14,45,6,49
18,26,54,11,35
26,21,56,6,38
24,19,53,7,40
24,22,58,6,36
25,23,60,2,38
17,27,62,5,33
20,20,53,9,38
29,18,49,7,44
25,10,52,4,44
18,17,50,7,43
14,20,62,7,31
18,23,57,8,35
24,16,49,7,44
25,18,56,6,38
25,12,47,7,46
31,13,48,7,45
21,20,55,2,43
25,15,44,8,48
19,11,62,3,35
15,22,62,7,31
19,14,53,11,36
21,19,50,9,41
30,19,50,5,45
22,12,48,12,40
20,19,51,13,36
13,18,61,5,34
29,15,50,7,43
29,16,43,5,52
24,20,56,4,40
21,25,54,7,39
25,19,55,5,40
19,26,55,8,37
22,22,58,8,34
18,17,55,9,36
15,22,54,12,34
25,15,50,13,37
16,24,59,7,34
20,18,54,4,42
23,26,52,11,37
22,23,59,4,37
33,13,44,7,49
28,16,57,5,38
19,25,54,5,41
18,14,55,10,35
20,26,56,10,34
17,15,54,6,40
26,22,52,6,42
18,17,51,6,43
22,23,56,3,41
23,21,58,4,38
19,16,54,6,40
25,17,55,4,41
31,19,46,6,48
20,20,57,5,38
27,20,49,11,40
16,21,54,7,39
24,16,54,6,40
23,21,52,5,43
22,20,55,8,37
16,28,50,13,37
13,19,58,6,36
22,20,60,4,36
22,21,53,3,44
19,28,56,7,37
24,18,51,7,42
19,18,51,10,39
22,17,58,6,36
25,17,49,5,46
25,18,46,10,44
22,21,59,3,38
20,24,59,3,38
15,27,62,9,29
17,16,68,7,25
18,18,55,8,37
18,20,54,6,40
21,15,51,9,40
23,18,56,5,39
24,17,60,5,35
20,14,56,10,34
17,23,60,3,37
23,22,54,2,44
17,21,52,14,34
29,15,44,5,51
20,17,46,12,42
23,25,59,3,38
24,21,44,12,44
21,18,55,7,38
20,26,54,6,40
20,20,59,10,31
21,15,51,6,43
22,19,51,3,46
15,18,52,7,41
18,23,59,6,35
19,25,58,5,37
18,19,54,8,38
23,20,54,12,34
22,16,55,5,40
22,14,55,8,37
20,17,55,9,36
15,19,51,8,41
27,18,55,3,42
17,22,63,9,28
33,10,38,8,54
17,24,65,6,29
21,23,57,5,38
21,17,46,5,49
23,27,49,8,43
20,19,59,6,35
18,20,59,7,34
26,13,51,5,44
21,21,57,9,34
26,19,51,5,44
21,16,52,6,42
14,21,56,9,35
20,19,60,5,35
15,21,55,6,39
21,13,55,6,39
19,21,54,5,41
21,12,44,8,48
26,18,50,6,44
23,21,55,5,40
21,21,50,6,44
24,17,52,12,36
21,20,49,13,38
25,15,53,7,40
25,13,49,6,45
21,23,50,12,38
31,15,41,5,54
16,17,59,8,33
17,25,58,4,38
31,10,45,4,51
17,13,62,2,36
15,25,64,4,32
27,20,54,7,39
20,19,47,8,45
29,13,43,9,48
26,18,53,4,43
28,11,46,11,43
17,15,49,9,42
23,16,52,7,41
21,23,56,3,41
17,18,54,9,37
30,14,49,5,46
18,15,60,10,30
22,17,50,8,42
16,25,61,6,33
21,17,54,9,37
23,21,53,9,38
21,20,55,5,40
14,26,63,3,34
19,15,56,6,38
25,22,55,7,38
23,18,57,4,39
28,18,54,7,39
24,15,49,11,40
25,18,49,7,44
24,24,55,9,36
31,17,44,7,49
17,24,53,9,38
17,25,61,5,34
21,21,49,9,42
24,17,49,10,41
20,24,54,7,39
25,16,55,4,41
24,13,48,6,46
16,23,61,6,33
24,11,46,3,51
19,17,49,8,43
21,27,59,6,35
23,17,52,7,41
22,18,51,9,40
26,17,48,10,42
24,23,50,10,40
28,16,53,5,42
21,17,55,5,40
17,26,58,11,31
23,12,49,10,41
19,16,49,9,42
16,19,59,6,35
21,20,52,10,38
19,17,53,8,39
18,18,54,8,38
23,23,54,4,42
20,17,50,10,40
18,19,62,5,33
20,23,50,13,37
20,19,56,7,37
18,22,61,6,33
26,20,47,9,44
18,21,62,4,34
21,18,53,8,39
22,19,58,3,39
30,19,49,7,44
18,23,59,3,38
23,23,53,5,42
24,18,56,5,39
20,21,54,6,40
24,16,53,7,40
20,16,52,6,42
18,19,49,10,41
21,14,59,7,34
23,16,52,6,42
26,14,47,10,43
23,21,49,6,45
17,29,60,5,35
15,23,56,6,38
22,15,46,7,47
17,19,57,5,38
27,16,50,8,42
22,17,55,9,36
15,20,64,9,27
24,12,55,4,41
20,20,54,9,37
23,16,54,4,42
26,14,50,5,45
18,17,57,7,36
18,17,52,5,43
24,17,54,6,40
26,17,50,8,42
31,18,46,5,49
20,20,53,10,37
21,15,53,6,41
16,18,54,12,34
20,22,55,6,39
18,22,58,5,37
16,22,64,9,27
18,21,62,6,32
13,22,63,4,33
17,25,54,10,36
15,20,55,8,37
24,19,55,5,40
25,17,48,8,44
20,22,52,6,42
20,19,54,10,36
25,16,47,15,38
17,15,55,11,34
20,20,55,8,37
19,25,61,3,36
20,14,58,6,36
23,24,58,5,37
23,16,47,4,49
19,17,57,5,38
21,17,55,8,37
18,29,58,8,34
24,18,55,5,40
21,20,54,6,40
26,25,57,6,37
28,16,57,2,41
23,22,54,3,43
20,10,50,9,41
24,17,49,6,45
24,18,57,5,38
20,22,54,7,39
16,18,56,7,37
22,13,49,6,45
16,18,53,3,44
17,18,51,11,38
18,19,56,6,38
23,20,55,5,40
15,16,62,7,31
19,20,54,7,39
14,21,57,7,36
23,21,46,5,49
21,22,52,8,40
13,16,63,9,28
19,13,48,7,45
21,13,49,10,41
17,28,60,9,31
24,27,57,7,36
17,15,46,8,46
22,21,56,6,38
28,15,42,10,48
19,25,63,6,31
26,22,56,3,41
27,17,48,3,49
24,22,53,7,40
21,15,56,3,41
26,15,50,9,41
29,16,50,4,46
26,18,50,6,44
16,22,57,9,34
19,12,54,11,35
15,28,57,8,35
18,21,53,11,36
22,17,48,8,44
20,18,55,10,35
23,16,60,4,36
23,19,51,6,43
24,15,48,9,43
27,24,53,3,44
27,24,47,7,46
19,19,53,7,40
27,22,52,6,42
24,18,52,8,40
23,20,55,5,40
25,17,46,8,46
29,18,47,9,44
17,22,51,10,39
27,20,51,6,43
25,22,52,9,39
12,18,60,9,31
19,21,56,8,36
21,22,59,6,35
25,16,52,6,42
24,16,47,7,46
20,11,51,11,38
20,22,58,2,40
23,17,56,6,38
19,18,53,6,41
16,20,53,9,38
22,24,60,4,36
32,16,50,3,47
18,16,61,5,34
22,19,55,7,38
19,22,63,2,35
20,25,56,4,40
25,19,48,10,42
22,13,54,4,42
25,22,54,6,40
22,23,49,8,43
9,26,66,5,29
24,14,48,4,48
12,24,68,4,28
18,18,57,6,37
21,19,59,4,37
15,24,65,4,31
22,17,48,7,45
19,24,52,9,39
17,20,52,10,38
30,13,46,11,43
19,19,51,10,39
21,16,53,5,42
23,22,55,4,41
27,15,42,10,48
23,15,52,6,42
21,17,54,3,43
26,16,47,4,49
19,24,65,2,33
19,19,55,7,38
19,17,59,5,36
15,25,63,6,31
18,28,63,10,27
24,16,51,5,44
19,18,57,7,36
22,16,48,6,46
25,19,56,5,39
23,27,58,5,37
31,17,40,11,49
22,20,56,5,39
20,18,49,7,44
19,22,65,8,27
16,25,53,5,42
18,26,55,7,38
24,15,53,12,35
24,18,56,6,38
21,18,54,5,41
20,24,54,8,38
17,20,54,10,36
17,15,54,6,40
21,16,50,6,44
18,19,64,5,31
16,17,54,6,40
20,21,55,7,38
13,22,57,9,34
21,21,57,6,37
21,22,54,7,39
23,19,53,7,40
22,15,45,10,45
24,13,45,7,48
22,20,59,6,35
21,17,42,8,50
25,19,45,11,44
22,24,57,5,38
18,18,66,2,32
17,20,57,9,34
21,12,50,4,46
21,28,54,8,38
28,14,41,6,53
23,19,54,9,37
25,13,57,6,37
18,17,53,6,41
20,17,60,5,35
22,26,51,4,45
24,15,44,8,48
27,12,44,5,51
15,17,56,9,35
20,22,54,7,39
27,17,54,6,40
18,26,60,1,39
19,19,58,9,33
25,18,52,5,43
20,20,58,7,35
16,13,53,11,36
23,18,51,4,45
26,13,42,8,50
21,28,57,4,39
21,20,49,8,43
21,19,57,12,31
22,12,57,6,37
15,22,52,4,44
30,20,46,6,48
24,17,57,2,41
25,19,52,7,41
13,17,57,13,30
19,21,64,3,33
19,17,59,10,31
21,15,59,5,36
16,24,60,3,37
21,14,52,6,42
25,14,52,6,42
25,21,51,6,43
16,24,57,9,34
23,13,49,7,44
14,27,63,8,29
26,21,54,7,39
24,22,46,7,47
28,11,41,10,49
18,19,49,7,44
13,22,56,5,39
22,19,53,6,41
24,22,47,6,47
28,19,42,5,53
18,19,51,11,38
24,23,53,6,41
20,24,51,5,44
17,20,52,9,39
24,12,52,9,39
15,24,58,5,37
17,22,60,3,37
23,18,54,5,41
18,24,50,9,41
26,17,42,9,49
17,16,50,11,39
25,15,54,5,41
30,15,48,8,44
21,29,61,5,34
23,24,56,8,36
22,24,58,4,38
22,15,53,3,44
16,30,56,12,32
15,15,57,7,36
18,19,49,9,42
15,17,53,7,40
28,16,47,6,47
20,21,57,10,33
20,16,53,5,42
20,16,54,9,37
29,20,54,3,43
29,22,54,2,44
16,23,52,11,37
21,25,49,10,41
24,13,48,5,47
19,22,51,10,39
27,13,50,7,43
17,26,54,8,38
18,24,58,6,36
23,20,55,8,37
24,23,53,4,43
27,21,53,5,42
25,20,56,6,38
22,13,46,9,45
20,18,54,6,40
22,21,56,4,40
16,12,52,10,38
23,17,46,7,47
19,18,47,9,44
20,26,56,6,38
21,19,50,10,40
19,15,58,2,40
19,23,54,7,39
20,22,63,7,30
26,17,48,8,44
17,17,56,9,35
21,28,60,3,37
17,21,55,9,36
20,19,52,8,40
22,22,51,10,39
20,23,58,9,33
25,21,50,6,44
21,19,52,5,43
22,19,60,6,34
14,13,59,10,31
17,15,52,7,41
15,17,55,8,37
19,21,59,9,32
22,20,52,6,42
23,25,51,8,41
25,18,53,2,45
18,17,60,2,38
18,24,53,6,41
23,16,48,10,42
23,20,51,4,45
20,18,58,4,38
19,23,59,2,39
19,25,49,7,44
21,17,56,4,40
20,21,52,10,38
24,13,49,4,47
21,17,47,10,43
22,18,55,2,43
22,19,55,3,42
26,23,48,6,46
11,14,56,7,37
23,18,58,4,38
26,16,51,5,44
19,19,55,8,37
21,26,51,11,38
21,28,58,6,36
21,26,55,3,42
23,22,56,4,40
14,29,63,6,31
22,22,56,4,40
19,25,54,11,35
24,23,46,9,45
16,20,59,5,36
15,22,53,10,37
21,18,53,8,39
18,16,57,3,40
21,24,53,11,36
25,18,51,4,45
20,25,59,5,36
25,20,49,6,45
19,22,59,4,37
24,21,50,6,44
19,22,52,15,33
23,12,42,7,51
21,21,62,5,33
25,23,53,8,39
20,24,58,8,34
20,18,55,4,41
18,20,53,3,44
24,20,56,2,42
22,15,53,7,40
24,19,53,5,42
25,17,44,7,49
21,22,58,4,38
16,24,67,6,27
19,29,64,2,34
17,25,53,12,35
26,18,47,11,42
21,25,53,4,43
18,16,58,11,31
18,17,55,8,37
25,20,42,10,48
19,18,54,11,35
30,15,42,7,51
21,16,53,11,36
30,21,40,12,48
17,24,59,7,34
21,25,48,9,43
17,17,61,5,34
19,14,57,9,34
25,14,54,5,41
16,27,58,5,37
16,18,58,9,33
26,16,53,4,43
19,25,63,4,33
13,20,61,6,33
24,21,56,6,38
23,20,52,5,43
24,17,54,6,40
24,13,50,6,44
22,14,50,10,40
15,19,50,10,40
16,26,56,10,34
25,24,56,9,35
22,20,55,2,43
21,18,45,9,46
26,18,48,7,45
23,15,51,10,39
20,19,57,3,40
23,19,55,8,37
26,17,56,7,37
26,23,55,7,38
22,19,53,7,40
23,17,55,7,38
20,20,62,6,32
29,15,50,6,44
24,12,48,7,45
20,16,56,11,33
18,22,49,10,41
20,18,55,7,38
22,23,55,4,41
22,18,48,9,43
11,27,71,6,23
20,20,57,7,36
20,25,58,5,37
20,23,60,9,31
28,23,55,4,41
28,16,53,2,45
21,11,50,7,43
24,19,52,8,40
23,20,61,5,34
16,24,64,5,31
17,17,48,5,47
18,23,58,4,38
22,13,51,8,41
31,17,43,5,52
22,17,50,5,45
31,15,49,6,45
18,22,55,2,43
18,17,55,6,39
19,25,62,4,34
26,11,47,5,48
25,14,44,4,52
23,20,50,6,44
19,19,59,6,35
24,17,51,8,41
25,19,54,3,43
15,22,57,2,41
24,20,48,8,44
19,17,57,5,38
23,14,53,8,39
22,19,51,4,45
24,14,48,9,43
20,13,51,4,45
14,22,57,8,35
21,15,56,10,34
19,22,59,7,34
23,16,51,4,45
21,13,53,11,36
19,17,53,8,39
23,18,56,8,36
15,19,55,7,38
30,13,44,4,52
15,21,50,11,39
19,20,63,4,33
30,16,46,7,47
20,25,58,8,34
20,17,55,6,39
17,20,56,5,39
27,15,44,5,51
20,15,51,9,40
20,20,58,7,35
23,14,53,9,38
23,23,57,6,37
23,13,48,8,44
21,27,60,3,37
25,18,51,3,46
15,20,58,4,38
21,21,53,11,36
24,16,46,13,41
18,20,57,9,34
19,19,59,5,36
27,19,50,8,42
24,20,50,7,43
18,19,61,4,35
24,22,54,4,42
25,15,51,5,44
23,16,45,7,48
15,20,58,8,34
11,20,58,6,36
25,14,42,8,50
27,15,58,3,39
28,20,46,8,46
21,17,54,6,40
30,18,47,8,45
22,20,63,7,30
20,10,49,9,42
27,21,54,3,43
19,20,56,7,37
22,12,52,9,39
29,14,38,11,51
24,20,52,5,43
20,17,47,10,43
20,20,56,7,37
22,14,48,5,47
23,22,57,5,38
23,15,49,6,45
23,21,48,8,44
22,25,57,8,35
29,18,44,8,48
20,21,47,11,42
31,12,46,3,51
23,24,50,5,45
30,18,53,3,44
18,20,53,8,39
19,18,57,7,36
16,24,59,7,34
18,30,57,9,34
18,19,49,9,42
19,23,47,8,45
22,20,59,5,36
23,18,51,7,42
28,16,48,3,49
14,19,62,9,29
24,18,48,12,40
20,16,53,7,40
20,25,59,4,37
17,18,51,14,35
21,20,54,7,39
21,18,54,7,39
20,26,59,6,35
20,20,56,5,39
25,17,57,5,38
20,17,50,9,41
21,23,55,7,38
18,14,55,12,33
26,22,58,3,39
19,24,56,10,34
27,16,53,7,40
21,15,58,9,33
23,14,45,9,46
23,16,52,12,36
22,16,56,6,38
13,19,64,10,26
23,17,47,5,48
14,14,57,11,32
17,15,63,4,33
22,18,53,9,38
21,19,56,5,39
16,14,55,7,38
19,16,46,12,42
17,23,53,8,39
21,18,48,8,44
20,15,55,4,41
17,16,56,8,36
22,20,51,8,41
15,19,58,11,31
28,10,51,4,45
20,23,56,9,35
23,25,55,5,40
16,26,59,6,35
28,15,51,5,44
15,26,65,5,30
22,16,50,7,43
20,19,56,4,40
23,17,53,3,44
19,20,56,6,38
15,24,64,7,29
24,21,53,4,43
18,25,55,7,38
20,20,58,5,37
21,16,53,8,39
23,18,48,10,42
17,23,53,4,43
19,21,52,10,38
16,20,52,6,42
24,13,51,12,37
21,23,65,4,31
28,15,48,8,44
18,28,57,5,38
22,17,46,9,45
22,13,52,6,42
16,16,51,10,39
20,18,54,6,40
19,20,58,7,35
17,17,59,6,35
21,24,56,8,36
21,14,58,6,36
14,17,64,6,30
24,17,46,7,47
17,23,54,8,38
22,18,50,4,46
24,23,51,6,43
16,25,57,6,37
14,15,60,11,29
19,17,60,8,32
26,18,50,8,42
21,24,57,9,34
29,13,41,7,52
14,19,60,10,30
21,13,52,7,41
20,17,52,4,44
18,23,60,5,35
16,23,55,7,38
24,15,54,5,41
25,20,54,2,44
19,18,54,4,42
19,25,60,6,34
29,24,53,7,40
28,10,49,3,48
22,21,48,8,44
22,19,54,7,39
21,34,61,6,33
26,19,49,6,45
21,19,49,13,38
24,15,52,6,42
18,14,54,10,36
28,13,46,9,45
19,20,53,5,42
25,15,49,10,41
21,26,59,5,36
26,16,46,5,49
31,12,51,4,45
13,21,57,11,32
20,17,57,10,33
18,21,56,7,37
32,17,50,10,40
25,23,55,6,39
21,16,55,11,34
16,20,51,6,43
24,16,58,4,38
23,15,53,7,40
20,20,53,10,37
18,25,55,6,39
20,25,60,6,34
23,17,52,10,38
20,21,49,9,42
24,16,49,10,41
16,17,60,6,34
29,16,53,5,42
18,27,57,7,36
16,22,52,10,38
21,22,60,4,36
30,15,45,14,41
18,21,58,9,33
26,16,54,5,41
20,12,49,8,43
21,16,56,3,41
16,19,48,13,39
24,16,50,6,44
14,25,59,7,34
21,22,58,6,36
21,17,58,8,34
25,17,53,6,41
21,18,52,7,41
26,16,45,9,46
18,20,54,13,33
26,15,50,6,44
25,9,47,5,48
26,16,49,15,36
20,18,55,5,40
24,13,47,6,47
15,22,62,6,32
26,18,53,4,43
20,16,48,7,45
21,20,54,3,43
22,15,49,8,43
22,23,57,5,38
26,22,44,8,48
19,20,55,7,38
27,19,50,8,42
21,19,47,7,46
24,11,51,4,45
27,21,59,5,36
23,21,52,7,41
21,17,52,9,39
22,24,57,6,37
25,21,52,3,45
19,22,51,8,41
20,24,59,7,34
17,26,56,6,38
18,17,53,6,41
22,20,54,4,42
20,21,57,12,31
26,15,50,7,43
22,20,52,9,39
21,23,58,7,35
21,17,57,6,37
24,22,55,5,40
17,17,57,3,40
24,19,51,6,43
18,20,54,11,35
23,20,51,7,42
21,16,53,5,42
19,13,54,10,36
31,14,44,4,52
26,25,53,6,41
26,18,54,2,44
20,15,51,10,39
29,18,50,6,44
26,20,54,5,41
28,13,46,9,45
22,25,56,5,39
15,19,57,11,32
18,18,62,7,31
20,17,47,9,44
24,12,51,2,47
22,18,55,2,43
17,20,53,9,38
22,18,55,4,41
22,21,49,7,44
21,14,56,4,40
25,13,51,7,42
23,12,53,9,38
26,13,51,10,39
23,19,51,11,38
21,22,55,6,39
18,21,54,5,41
22,11,45,13,42
21,16,52,9,39
26,21,54,8,38
29,12,41,7,52
25,14,54,7,39
22,19,49,6,45
18,19,50,9,41
19,16,54,6,40
25,23,51,10,39
25,20,54,4,42
16,17,54,4,42
23,17,49,4,47
28,17,51,6,43
22,25,56,5,39
15,21,62,9,29
21,16,52,8,40
20,25,60,7,33
24,23,46,12,42
16,24,62,5,33
24,19,59,6,35
19,14,48,11,41
24,14,55,7,38
25,17,49,4,47
11,17,59,5,36
16,19,58,6,36
21,19,53,6,41
21,18,60,7,33
21,12,45,11,44
24,15,43,13,44
19,18,51,4,45
17,18,57,5,38
23,19,52,6,42
29,19,49,6,45
22,21,55,7,38
25,25,49,2,49
23,13,51,7,42
15,20,61,7,32
20,23,56,5,39
13,21,58,3,39
19,22,56,6,38
24,12,50,9,41
24,15,53,2,45
21,23,49,6,45
25,18,52,5,43
23,17,57,5,38
17,28,68,3,29
22,24,59,7,34
24,12,45,8,47
25,20,47,7,46
19,19,58,2,40
26,15,51,10,39
30,15,54,5,41
22,17,54,6,40
19,20,51,7,42
20,25,50,4,46
25,9,45,4,51
15,21,61,5,34
28,18,48,3,49
26,22,52,6,42
17,22,57,2,41
21,19,59,6,35
22,22,59,7,34
19,14,51,8,41
20,12,50,8,42
29,17,50,6,44
21,12,53,9,38
26,20,51,10,39
21,17,55,6,39
23,23,55,2,43
26,14,52,5,43
17,22,59,5,36
25,22,53,8,39
20,19,54,6,40
21,21,61,3,36
18,20,57,7,36
16,19,61,10,29
25,17,55,6,39
18,23,54,5,41
26,19,50,8,42
25,17,54,5,41
21,17,53,8,39
19,22,63,5,32
13,18,55,7,38
26,14,50,5,45
22,23,54,8,38
21,17,57,7,36
20,20,52,8,40
23,25,59,5,36
22,27,60,4,36
20,17,55,7,38
24,20,49,8,43
26,19,50,12,38
21,16,50,7,43
17,28,65,5,30
30,14,48,7,45
23,23,57,6,37
20,22,57,6,37
26,17,61,2,37
17,25,56,11,33
24,19,56,3,41
16,17,58,8,34
14,27,59,4,37
25,22,53,6,41
16,16,58,4,38
18,20,66,4,30
18,24,56,9,35
15,28,58,8,34
21,17,56,4,40
24,20,54,7,39
23,21,55,4,41
25,17,54,5,41
18,22,59,7,34
21,21,53,9,38
18,23,62,3,35
20,18,58,3,39
26,22,52,5,43
19,14,60,5,35
18,22,53,9,38
24,25,56,3,41
14,24,66,8,26
22,24,57,6,37
32,18,43,5,52
27,16,55,6,39
19,19,50,10,40
20,24,56,6,38
19,14,54,8,38
21,13,48,7,45
25,18,55,7,38
20,17,45,6,49
28,16,43,4,53
23,18,54,6,40
19,19,56,8,36
20,21,57,6,37
20,23,62,3,35
26,21,46,10,44
31,16,45,9,46
16,17,63,2,35
26,27,55,3,42
20,17,53,2,45
24,21,48,7,45
18,19,60,5,35
26,20,52,4,44
21,15,52,13,35
19,12,47,6,47
21,18,56,7,37
25,17,51,9,40
24,26,52,6,42
21,23,52,9,39
16,24,58,6,36
25,14,40,15,45
20,20,54,6,40
19,17,47,11,42
19,12,52,10,38
18,18,57,6,37
22,16,52,9,39
22,20,53,7,40
30,15,57,3,40
30,14,52,3,45
19,19,56,5,39
21,18,46,7,47
20,16,53,6,41
21,20,47,4,49
23,15,49,10,41
25,23,56,6,38
30,16,49,6,45
19,21,52,5,43
24,20,46,9,45
26,22,53,5,42
20,27,62,6,32
20,20,59,6,35
13,23,67,7,26
28,18,52,7,41
17,23,62,4,34
18,15,49,6,45
24,16,52,10,38
25,11,46,8,46
23,15,47,8,45
21,19,57,5,38
15,15,60,9,31
24,12,58,4,38
26,22,51,5,44
25,16,49,8,43
17,21,58,8,34
10,19,58,5,37
21,17,56,8,36
23,15,53,8,39
28,15,48,7,45
21,17,53,7,40
19,18,47,8,45
20,21,62,4,34
14,25,58,8,34
22,15,48,8,44
16,23,52,10,38
18,18,56,13,31
21,20,46,8,46
23,16,50,7,43
23,25,57,5,38
20,17,52,8,40
21,21,51,4,45
20,22,57,10,33
23,20,52,5,43
19,16,45,10,45
26,17,57,8,35
22,19,54,6,40
20,24,58,7,35
20,22,51,8,41
15,23,60,6,34
19,20,55,5,40
23,25,56,5,39
24,19,48,6,46
18,22,51,8,41
16,20,58,9,33
21,24,56,8,36
24,12,50,3,47
23,14,51,6,43
19,22,56,6,38
25,19,44,10,46
17,18,57,5,38
23,16,52,6,42
21,21,47,7,46
23,14,49,6,45
13,28,64,2,34
15,17,57,8,35
19,20,58,3,39
20,24,59,6,35
24,20,52,9,39
20,23,57,8,35
18,16,58,5,37
21,21,54,6,40
26,14,49,6,45
20,17,46,12,42
23,23,54,10,36
21,18,53,4,43
24,19,43,7,50
20,22,56,8,36
25,22,49,5,46
21,22,56,6,38
22,19,46,9,45
15,17,63,3,34
15,17,60,5,35
14,18,51,14,35
29,23,52,7,41
17,21,53,6,41
23,15,59,5,36
24,22,50,8,42
18,15,51,8,41
18,20,58,5,37
18,13,45,13,42
23,26,52,3,45
21,20,55,4,41
14,24,57,11,32
15,21,51,6,43
27,15,48,3,49
26,14,45,8,47
20,22,60,8,32
28,23,54,3,43
22,14,49,5,46
18,14,57,10,33
18,18,58,4,38
21,25,63,6,31
27,19,47,6,47
28,21,45,10,45
16,20,60,6,34
20,16,56,6,38
17,21,56,6,38
26,22,52,10,38
23,15,51,6,43
24,16,51,7,42
22,11,49,10,41
24,15,49,6,45
24,15,51,2,47
23,14,48,12,40
20,19,54,9,37
21,25,55,6,39
17,23,58,4,38
20,19,55,4,41
25,18,51,5,44
22,21,51,5,44
24,22,55,4,41
24,16,56,4,40
23,17,51,6,43
28,26,50,6,44
23,21,49,5,46
24,20,56,8,36
28,14,50,9,41
19,23,57,6,37
22,17,52,10,38
20,21,48,7,45
14,22,59,10,31
17,15,55,9,36
22,15,51,7,42
15,21,65,2,33
26,25,50,7,43
26,22,57,7,36
24,21,57,6,37
21,20,52,6,42
18,20,61,5,34
19,23,52,4,44
25,21,41,4,55
27,14,47,7,46
19,21,53,10,37
34,20,52,4,44
15,18,57,10,33
18,23,63,7,30
21,20,54,9,37
23,20,52,8,40
22,18,53,7,40
23,21,54,2,44
16,24,59,3,38
18,18,62,8,30
23,23,53,7,40
23,16,53,5,42
